person_id,gender,confidence,frame_id,timestamp_sec,time_str,pos_x_px,pos_y_px,pos_x_m,pos_y_m,zone,destination,behavior,speed_mps,speed_kmh,stride_m,step_m,cadence_spm,group_category,carrying_load,waiting_time_sec,crossing_attempts,card_path,crop_path
1,Male,0.9908,180,6.01,00:06.01,2956.2,2151.5,44.34,32.27,South Kerb Side,South Kerb Side,Curbside Stationary / Waiting,0.012,0.04,0.108,0.054,11.6,Single Pedestrian Crossing,Backpack / Shoulder Bag,18.02,0,work/physical_verification\cards\P01_verification_card.jpg,work/physical_verification\crops\P01_crop_f180.jpg
2,Male,0.9857,60,2.0,00:02.00,2291.0,838.0,34.37,12.57,Median Side,Median Side,Median Waiting / Bus Stop,0.024,0.09,0.128,0.064,20.3,Single Pedestrian Crossing,Backpack / Shoulder Bag,204.2,0,work/physical_verification\cards\P02_verification_card.jpg,work/physical_verification\crops\P02_crop_f60.jpg
4,Female,0.9903,480,16.02,00:16.02,1207.0,1637.8,18.1,24.57,Median Side,Median Side,Median Waiting / Bus Stop,0.016,0.06,0.111,0.055,16.4,Single Pedestrian Crossing,No Visible Load,16.02,0,work/physical_verification\cards\P04_verification_card.jpg,work/physical_verification\crops\P04_crop_f480.jpg
5,Male,0.9764,1020,34.03,00:34.03,1924.4,2158.6,28.87,32.38,South Kerb Side,South Kerb Side,Curbside Stationary / Waiting,0.006,0.02,0.1,0.05,7.6,Single Pedestrian Crossing,Backpack / Shoulder Bag,174.18,0,work/physical_verification\cards\P05_verification_card.jpg,work/physical_verification\crops\P05_crop_f1020.jpg
6,Female,0.9896,1740,58.06,00:58.06,1209.3,1722.1,18.14,25.83,South Kerb Side,South Kerb Side,Curbside Stationary / Waiting,0.011,0.04,0.102,0.051,13.0,Group Crossing (>2 people),No Visible Load,768.77,0,work/physical_verification\cards\P06_verification_card.jpg,work/physical_verification\crops\P06_crop_f1740.jpg
7,Male,0.9567,9900,330.33,05:30.33,1206.3,1868.9,18.09,28.03,South Kerb Side,South Kerb Side,Curbside Stationary / Waiting,0.023,0.08,0.125,0.062,18.4,Group Crossing (>2 people),Backpack / Shoulder Bag,496.5,0,work/physical_verification\cards\P07_verification_card.jpg,work/physical_verification\crops\P07_crop_f9900.jpg
9,Male,0.9157,3960,132.13,02:12.13,3034.6,1025.2,45.52,15.38,Median Side,Median Side,Median Waiting / Bus Stop,0.007,0.02,0.1,0.05,8.0,Single Pedestrian Crossing,Backpack / Shoulder Bag,14.02,0,work/physical_verification\cards\P09_verification_card.jpg,work/physical_verification\crops\P09_crop_f3960.jpg
13,Male,0.9622,7260,242.24,04:02.24,1200.6,1917.0,18.01,28.75,South Kerb Side,South Kerb Side,Curbside Stationary / Waiting,0.026,0.09,0.134,0.067,19.6,Group Crossing (>2 people),Backpack / Shoulder Bag,20.02,0,work/physical_verification\cards\P13_verification_card.jpg,work/physical_verification\crops\P13_crop_f7260.jpg
14,Male,0.9892,10440,348.35,05:48.35,1069.3,351.6,16.04,5.27,North Kerb Side,North Kerb Side,Curbside Stationary / Waiting,0.005,0.02,0.1,0.05,6.3,Single Pedestrian Crossing,Backpack / Shoulder Bag,82.08,0,work/physical_verification\cards\P14_verification_card.jpg,work/physical_verification\crops\P14_crop_f10440.jpg
15,Female,0.9822,9720,324.32,05:24.32,1560.2,1726.9,23.4,25.9,South Kerb Side,South Kerb Side,Curbside Stationary / Waiting,0.002,0.01,0.1,0.05,2.5,Single Pedestrian Crossing,No Visible Load,44.04,0,work/physical_verification\cards\P15_verification_card.jpg,work/physical_verification\crops\P15_crop_f9720.jpg
16,Male,0.9477,9480,316.32,05:16.32,3092.6,1009.5,46.39,15.14,Median Side,Median Side,Median Waiting / Bus Stop,0.012,0.04,0.108,0.054,11.8,Single Pedestrian Crossing,Backpack / Shoulder Bag,88.09,0,work/physical_verification\cards\P16_verification_card.jpg,work/physical_verification\crops\P16_crop_f9480.jpg
17,Female,0.7863,9540,318.32,05:18.32,2423.6,1397.0,36.35,20.96,Median Side,Median Side,Median Waiting / Bus Stop,0.116,0.42,0.317,0.159,37.2,Single Pedestrian Crossing,No Visible Load,6.01,1,work/physical_verification\cards\P17_verification_card.jpg,work/physical_verification\crops\P17_crop_f9540.jpg
18,Male,0.9733,10440,348.35,05:48.35,2293.9,1672.5,34.41,25.09,South Kerb Side,South Kerb Side,Curbside Stationary / Waiting,0.062,0.22,0.214,0.107,34.4,Single Pedestrian Crossing,Backpack / Shoulder Bag,4.01,1,work/physical_verification\cards\P18_verification_card.jpg,work/physical_verification\crops\P18_crop_f10440.jpg
20,Male,0.9854,10740,358.36,05:58.36,2203.3,798.8,33.05,11.98,Median Side,Median Side,Median Waiting / Bus Stop,0.01,0.03,0.1,0.05,11.4,Single Pedestrian Crossing,Backpack / Shoulder Bag,4.0,0,work/physical_verification\cards\P20_verification_card.jpg,work/physical_verification\crops\P20_crop_f10740.jpg
21,Male,0.9811,13020,434.43,07:14.43,2613.7,1894.9,39.21,28.42,South Kerb Side,South Kerb Side,Curbside Stationary / Waiting,0.007,0.02,0.1,0.05,8.1,Single Pedestrian Crossing,Backpack / Shoulder Bag,60.06,0,work/physical_verification\cards\P21_verification_card.jpg,work/physical_verification\crops\P21_crop_f13020.jpg
24,Male,0.9867,12240,408.41,06:48.41,1064.8,351.7,15.97,5.28,North Kerb Side,North Kerb Side,Curbside Stationary / Waiting,0.004,0.01,0.1,0.05,5.2,Single Pedestrian Crossing,Backpack / Shoulder Bag,50.05,0,work/physical_verification\cards\P24_verification_card.jpg,work/physical_verification\crops\P24_crop_f12240.jpg
25,Male,0.8864,17760,592.59,09:52.59,3015.2,1029.4,45.23,15.44,Median Side,Median Side,Median Waiting / Bus Stop,0.022,0.08,0.108,0.054,24.7,Single Pedestrian Crossing,Backpack / Shoulder Bag,4.0,0,work/physical_verification\cards\P25_verification_card.jpg,work/physical_verification\crops\P25_crop_f17760.jpg
26,Male,0.9874,18420,614.61,10:14.61,1924.9,1981.0,28.87,29.72,South Kerb Side,South Kerb Side,Curbside Stationary / Waiting,0.008,0.03,0.1,0.05,10.0,Single Pedestrian Crossing,Backpack / Shoulder Bag,22.02,0,work/physical_verification\cards\P26_verification_card.jpg,work/physical_verification\crops\P26_crop_f18420.jpg
29,Female,0.889,19500,650.65,10:50.65,2456.3,86.9,36.85,1.3,North Kerb Side,North Kerb Side,Curbside Stationary / Waiting,0.028,0.1,0.127,0.064,25.3,Single Pedestrian Crossing,No Visible Load,4.0,0,work/physical_verification\cards\P29_verification_card.jpg,work/physical_verification\crops\P29_crop_f19500.jpg
33,Female,0.989,22200,740.74,12:20.74,2602.7,978.5,39.04,14.68,Median Side,Median Side,Median Waiting / Bus Stop,0.016,0.06,0.1,0.05,18.6,Single Pedestrian Crossing,No Visible Load,4.0,0,work/physical_verification\cards\P33_verification_card.jpg,work/physical_verification\crops\P33_crop_f22200.jpg
35,Male,0.8674,23700,790.79,13:10.79,1195.9,1847.0,17.94,27.7,South Kerb Side,South Kerb Side,Curbside Stationary / Waiting,0.024,0.09,0.131,0.066,17.4,Group Crossing (>2 people),Backpack / Shoulder Bag,432.43,0,work/physical_verification\cards\P35_verification_card.jpg,work/physical_verification\crops\P35_crop_f23700.jpg
37,Female,0.6918,25320,844.84,14:04.84,2429.7,189.7,36.45,2.85,North Kerb Side,North Kerb Side,Curbside Stationary / Waiting,0.027,0.1,0.12,0.06,26.5,Single Pedestrian Crossing,No Visible Load,10.01,0,work/physical_verification\cards\P37_verification_card.jpg,work/physical_verification\crops\P37_crop_f25320.jpg
38,Male,0.9636,26160,872.87,14:32.87,2318.6,1327.1,34.78,19.91,Median Side,Median Side,Median Waiting / Bus Stop,0.031,0.11,0.132,0.066,27.9,Single Pedestrian Crossing,Backpack / Shoulder Bag,6.01,1,work/physical_verification\cards\P38_verification_card.jpg,work/physical_verification\crops\P38_crop_f26160.jpg
41,Male,0.9435,27840,928.93,15:28.93,3037.0,1027.1,45.56,15.41,Median Side,Median Side,Median Waiting / Bus Stop,0.009,0.03,0.1,0.05,11.4,Single Pedestrian Crossing,Backpack / Shoulder Bag,10.01,0,work/physical_verification\cards\P41_verification_card.jpg,work/physical_verification\crops\P41_crop_f27840.jpg
42,Male,0.7645,28140,938.94,15:38.94,2134.4,1280.5,32.02,19.21,Median Side,Median Side,Corridor Crossing,0.035,0.13,0.148,0.074,25.8,Single Pedestrian Crossing,Backpack / Shoulder Bag,144.14,1,work/physical_verification\cards\P42_verification_card.jpg,work/physical_verification\crops\P42_crop_f28140.jpg
43,Female,0.9594,28920,964.96,16:04.96,2311.1,1381.8,34.67,20.73,Median Side,Median Side,Median Waiting / Bus Stop,0.132,0.48,0.405,0.202,38.6,Single Pedestrian Crossing,Handbag / Side Package,4.0,1,work/physical_verification\cards\P43_verification_card.jpg,work/physical_verification\crops\P43_crop_f28920.jpg
45,Female,0.6468,30480,1017.02,16:57.02,627.6,313.4,9.41,4.7,North Kerb Side,North Kerb Side,Curbside Stationary / Waiting,0.015,0.05,0.109,0.055,15.1,Single Pedestrian Crossing,No Visible Load,288.29,0,work/physical_verification\cards\P45_verification_card.jpg,work/physical_verification\crops\P45_crop_f30480.jpg
46,Male,0.9431,29400,980.98,16:20.98,2060.4,693.3,30.91,10.4,Median Side,Median Side,Median Waiting / Bus Stop,0.054,0.19,0.199,0.1,28.9,Single Pedestrian Crossing,Backpack / Shoulder Bag,8.01,0,work/physical_verification\cards\P46_verification_card.jpg,work/physical_verification\crops\P46_crop_f29400.jpg
47,Male,0.8712,29460,982.98,16:22.98,2623.0,1535.3,39.34,23.03,Median Side,Median Side,Median Waiting / Bus Stop,0.009,0.03,0.1,0.05,10.8,Single Pedestrian Crossing,Backpack / Shoulder Bag,14.02,1,work/physical_verification\cards\P47_verification_card.jpg,work/physical_verification\crops\P47_crop_f29460.jpg
48,Male,0.9397,30360,1013.01,16:53.01,3037.0,1026.4,45.56,15.4,Median Side,Median Side,Median Waiting / Bus Stop,0.026,0.09,0.127,0.063,23.5,Single Pedestrian Crossing,Backpack / Shoulder Bag,12.01,0,work/physical_verification\cards\P48_verification_card.jpg,work/physical_verification\crops\P48_crop_f30360.jpg
49,Female,0.9904,30900,1031.03,17:11.03,2997.3,2090.7,44.96,31.36,South Kerb Side,South Kerb Side,Curbside Stationary / Waiting,0.045,0.16,0.173,0.086,29.9,Single Pedestrian Crossing,No Visible Load,10.01,0,work/physical_verification\cards\P49_verification_card.jpg,work/physical_verification\crops\P49_crop_f30900.jpg
50,Female,0.7442,34320,1145.14,19:05.14,2134.0,1571.8,32.01,23.58,Median Side,Median Side,Corridor Crossing,0.077,0.28,0.247,0.124,36.2,Single Pedestrian Crossing,No Visible Load,110.11,1,work/physical_verification\cards\P50_verification_card.jpg,work/physical_verification\crops\P50_crop_f34320.jpg
51,Male,0.9433,31380,1047.05,17:27.05,3030.3,1028.9,45.45,15.43,Median Side,Median Side,Median Waiting / Bus Stop,0.021,0.07,0.112,0.056,21.4,Single Pedestrian Crossing,Backpack / Shoulder Bag,8.0,0,work/physical_verification\cards\P51_verification_card.jpg,work/physical_verification\crops\P51_crop_f31380.jpg
52,Male,0.8952,31680,1057.06,17:37.06,1182.1,1849.8,17.73,27.75,South Kerb Side,South Kerb Side,Curbside Stationary / Waiting,0.008,0.03,0.1,0.05,9.8,Single Pedestrian Crossing,Backpack / Shoulder Bag,10.01,0,work/physical_verification\cards\P52_verification_card.jpg,work/physical_verification\crops\P52_crop_f31680.jpg
55,Female,0.8791,33180,1107.11,18:27.11,3009.5,2091.9,45.14,31.38,South Kerb Side,South Kerb Side,Curbside Stationary / Waiting,0.01,0.03,0.101,0.05,11.4,Single Pedestrian Crossing,No Visible Load,68.06,0,work/physical_verification\cards\P55_verification_card.jpg,work/physical_verification\crops\P55_crop_f33180.jpg
57,Male,0.9749,36540,1219.22,20:19.22,2628.5,1537.4,39.43,23.06,Median Side,Median Side,Median Waiting / Bus Stop,0.025,0.09,0.138,0.069,16.5,Single Pedestrian Crossing,Backpack / Shoulder Bag,108.11,1,work/physical_verification\cards\P57_verification_card.jpg,work/physical_verification\crops\P57_crop_f36540.jpg
61,Female,0.7272,36480,1217.22,20:17.22,3064.7,2061.9,45.97,30.93,South Kerb Side,South Kerb Side,Curbside Stationary / Waiting,0.025,0.09,0.118,0.059,24.7,Single Pedestrian Crossing,No Visible Load,6.01,0,work/physical_verification\cards\P61_verification_card.jpg,work/physical_verification\crops\P61_crop_f36480.jpg
64,Male,0.8104,38400,1281.28,21:21.28,1779.3,1763.3,26.69,26.45,South Kerb Side,South Kerb Side,Curbside Stationary / Waiting,0.001,0.0,0.1,0.05,1.8,Single Pedestrian Crossing,Backpack / Shoulder Bag,182.18,0,work/physical_verification\cards\P64_verification_card.jpg,work/physical_verification\crops\P64_crop_f38400.jpg
68,Male,0.6732,39780,1327.33,22:07.33,1214.1,469.8,18.21,7.05,North Kerb Side,North Kerb Side,Curbside Stationary / Waiting,0.029,0.1,0.139,0.069,21.0,Single Pedestrian Crossing,Backpack / Shoulder Bag,8.0,0,work/physical_verification\cards\P68_verification_card.jpg,work/physical_verification\crops\P68_crop_f39780.jpg
69,Female,0.9913,40440,1349.35,22:29.35,3086.8,2152.0,46.3,32.28,South Kerb Side,South Kerb Side,Curbside Stationary / Waiting,0.036,0.13,0.148,0.074,28.0,Single Pedestrian Crossing,No Visible Load,58.05,0,work/physical_verification\cards\P69_verification_card.jpg,work/physical_verification\crops\P69_crop_f40440.jpg
70,Male,0.935,41400,1381.38,23:01.38,1220.9,433.9,18.31,6.51,North Kerb Side,North Kerb Side,Curbside Stationary / Waiting,0.027,0.1,0.136,0.068,19.7,Single Pedestrian Crossing,Backpack / Shoulder Bag,18.02,0,work/physical_verification\cards\P70_verification_card.jpg,work/physical_verification\crops\P70_crop_f41400.jpg
72,Male,0.8818,46980,1567.57,26:07.57,937.5,343.6,14.06,5.15,North Kerb Side,North Kerb Side,Curbside Stationary / Waiting,0.007,0.02,0.101,0.05,8.0,Single Pedestrian Crossing,Backpack / Shoulder Bag,226.23,0,work/physical_verification\cards\P72_verification_card.jpg,work/physical_verification\crops\P72_crop_f46980.jpg
75,Male,0.7761,47040,1569.57,26:09.57,1190.3,1890.7,17.85,28.36,South Kerb Side,South Kerb Side,Curbside Stationary / Waiting,0.033,0.12,0.15,0.075,20.4,Couple Crossing,Backpack / Shoulder Bag,168.17,0,work/physical_verification\cards\P75_verification_card.jpg,work/physical_verification\crops\P75_crop_f47040.jpg
77,Male,0.7884,47160,1573.57,26:13.57,1189.1,1858.4,17.84,27.88,South Kerb Side,South Kerb Side,Curbside Stationary / Waiting,0.012,0.04,0.104,0.052,13.6,Couple Crossing,Backpack / Shoulder Bag,70.07,0,work/physical_verification\cards\P77_verification_card.jpg,work/physical_verification\crops\P77_crop_f47160.jpg
78,Male,0.9216,46200,1541.54,25:41.54,2617.6,1552.7,39.26,23.29,Median Side,Median Side,Median Waiting / Bus Stop,0.012,0.04,0.112,0.056,10.8,Single Pedestrian Crossing,Backpack / Shoulder Bag,72.07,1,work/physical_verification\cards\P78_verification_card.jpg,work/physical_verification\crops\P78_crop_f46200.jpg
79,Male,0.9103,47280,1577.58,26:17.58,2376.7,587.5,35.65,8.81,Median Side,Median Side,Median Waiting / Bus Stop,0.012,0.04,0.1,0.05,14.3,Single Pedestrian Crossing,Backpack / Shoulder Bag,32.04,0,work/physical_verification\cards\P79_verification_card.jpg,work/physical_verification\crops\P79_crop_f47280.jpg
81,Female,0.9814,48780,1627.63,27:07.63,1364.4,1663.4,20.47,24.95,South Kerb Side,South Kerb Side,Curbside Stationary / Waiting,0.017,0.06,0.114,0.057,15.8,Single Pedestrian Crossing,Handbag / Side Package,38.04,0,work/physical_verification\cards\P81_verification_card.jpg,work/physical_verification\crops\P81_crop_f48780.jpg
82,Male,0.9677,48960,1633.63,27:13.63,2329.7,802.1,34.94,12.03,Median Side,Median Side,Median Waiting / Bus Stop,0.019,0.07,0.115,0.057,18.0,Single Pedestrian Crossing,Backpack / Shoulder Bag,10.01,0,work/physical_verification\cards\P82_verification_card.jpg,work/physical_verification\crops\P82_crop_f48960.jpg
83,Female,0.9428,50160,1673.67,27:53.67,41.3,1112.8,0.62,16.69,Median Side,Median Side,Median Waiting / Bus Stop,0.024,0.09,0.129,0.064,19.9,Single Pedestrian Crossing,No Visible Load,8.01,0,work/physical_verification\cards\P83_verification_card.jpg,work/physical_verification\crops\P83_crop_f50160.jpg
