person_id,frame_id,timestamp_sec,pos_x_px,pos_y_px,pos_x_meters,pos_y_meters,speed_mps,speed_kmh,acceleration_mps2,heading_deg,dist_to_zebra_meters,inside_crosswalk,behavioral_state
1,0,0.0,2956.0,2152.6,44.34,32.289,0.001,0.0,0.0,92.9,11.5,0,Stationary
1,60,2.0,2956.0,2152.8,44.34,32.291,0.001,0.0,0.0,92.9,11.5,0,Stationary
1,120,4.0,2956.2,2153.2,44.343,32.298,0.004,0.01,0.001,64.7,11.5,0,Stationary
1,180,6.01,2956.2,2151.5,44.343,32.273,0.012,0.04,0.004,270.3,11.48,0,Stationary
1,240,8.01,2956.3,2151.9,44.345,32.278,0.003,0.01,-0.005,73.7,11.49,0,Stationary
1,300,10.01,2955.1,2152.3,44.327,32.284,0.009,0.03,0.003,161.5,11.5,0,Stationary
1,360,12.01,2956.7,2152.9,44.351,32.294,0.013,0.05,0.002,22.4,11.5,0,Stationary
1,420,14.01,2955.5,2152.4,44.333,32.285,0.01,0.04,-0.001,205.0,11.5,0,Stationary
1,480,16.02,2953.6,2153.6,44.305,32.303,0.017,0.06,0.003,147.3,11.52,0,Stationary
1,540,18.02,2953.5,2160.0,44.302,32.4,0.048,0.17,0.016,91.6,11.61,0,Stationary
2,0,0.0,2291.5,843.1,34.373,12.646,0.039,0.14,0.0,264.5,7.16,0,Stationary
2,60,2.0,2291.0,838.0,34.366,12.569,0.039,0.14,0.0,264.5,7.11,0,Stationary
2,2880,96.1,2288.7,779.4,34.331,11.692,0.009,0.03,-0.0,267.7,6.51,0,Stationary
2,6120,204.2,2281.1,718.1,34.216,10.771,0.009,0.03,-0.0,262.9,6.02,0,Stationary
4,0,0.0,1209.3,1633.7,18.14,24.506,0.009,0.03,0.0,265.3,8.47,0,Stationary
4,60,2.0,1209.3,1632.6,18.139,24.489,0.009,0.03,0.0,265.3,8.47,0,Stationary
4,360,12.01,1209.6,1636.2,18.143,24.542,0.005,0.02,-0.0,85.0,8.49,0,Stationary
4,420,14.01,1209.6,1633.4,18.144,24.501,0.021,0.07,0.008,270.3,8.47,0,Stationary
4,480,16.02,1207.0,1637.8,18.104,24.567,0.038,0.14,0.009,120.8,8.46,0,Stationary
5,1020,34.03,1924.4,2158.6,28.866,32.38,0.019,0.07,0.0,239.3,21.29,0,Stationary
5,1080,36.04,1923.1,2156.5,28.847,32.348,0.019,0.07,0.0,239.3,21.26,0,Stationary
5,1140,38.04,1923.2,2156.1,28.848,32.342,0.003,0.01,-0.008,279.6,21.26,0,Stationary
5,1380,46.05,1924.6,2155.4,28.868,32.33,0.003,0.01,-0.0,330.9,21.27,0,Stationary
5,1440,48.05,1923.9,2154.9,28.859,32.324,0.006,0.02,0.001,215.5,21.26,0,Stationary
5,1560,52.05,1923.3,2156.4,28.849,32.345,0.006,0.02,0.0,114.3,21.26,0,Stationary
5,2580,86.09,1924.7,2156.9,28.87,32.353,0.001,0.0,-0.0,20.4,21.28,0,Stationary
5,2640,88.09,1924.5,2157.3,28.867,32.359,0.003,0.01,0.001,115.3,21.28,0,Stationary
5,3360,112.11,1924.3,2155.4,28.865,32.331,0.001,0.0,-0.0,265.5,21.27,0,Stationary
5,3420,114.11,1925.1,2156.8,28.877,32.352,0.012,0.04,0.005,60.1,21.29,0,Stationary
5,3480,116.12,1924.7,2157.9,28.871,32.368,0.008,0.03,-0.002,109.8,21.29,0,Stationary
5,5580,186.19,1923.6,2156.8,28.853,32.352,0.0,0.0,-0.0,221.4,21.26,0,Stationary
5,5880,196.2,1923.6,2158.4,28.853,32.376,0.002,0.01,0.0,90.0,21.27,0,Stationary
5,6240,208.21,1924.7,2155.1,28.87,32.327,0.004,0.02,0.0,288.9,21.27,0,Stationary
6,1260,42.04,1209.4,1723.1,18.141,25.847,0.016,0.06,0.0,293.9,8.93,0,Stationary
6,1320,44.04,1210.3,1721.2,18.154,25.818,0.016,0.06,0.0,293.9,8.93,0,Stationary
6,1380,46.05,1209.8,1722.1,18.147,25.831,0.007,0.03,-0.004,116.2,8.93,0,Stationary
6,1500,50.05,1209.4,1722.6,18.142,25.839,0.002,0.01,-0.001,126.4,8.93,0,Stationary
6,1620,54.05,1210.7,1723.3,18.161,25.85,0.005,0.02,0.001,29.4,8.95,0,Stationary
6,1680,56.06,1208.9,1724.2,18.134,25.863,0.015,0.05,0.005,154.5,8.93,0,Stationary
6,1740,58.06,1209.3,1722.1,18.139,25.832,0.016,0.06,0.0,278.9,8.92,0,Stationary
6,1800,60.06,1210.5,1720.5,18.157,25.807,0.015,0.05,-0.0,306.8,8.93,0,Stationary
6,1920,64.06,1209.5,1721.8,18.142,25.827,0.006,0.02,-0.002,127.2,8.93,0,Stationary
6,1980,66.07,1209.5,1723.8,18.142,25.856,0.015,0.05,0.004,90.9,8.94,0,Stationary
6,2040,68.07,1209.2,1723.2,18.137,25.848,0.005,0.02,-0.005,243.2,8.93,0,Stationary
6,2100,70.07,1210.2,1721.1,18.154,25.816,0.018,0.06,0.006,297.7,8.93,0,Stationary
6,2160,72.07,1214.7,1719.9,18.22,25.799,0.034,0.12,0.008,345.4,8.99,0,Stationary
6,2220,74.07,1210.7,1720.0,18.16,25.801,0.03,0.11,-0.002,178.5,8.93,0,Stationary
6,2340,78.08,1209.4,1722.9,18.142,25.844,0.012,0.04,-0.005,113.5,8.93,0,Stationary
6,2400,80.08,1208.8,1723.9,18.132,25.859,0.009,0.03,-0.001,121.9,8.93,0,Stationary
6,2520,84.08,1210.5,1724.2,18.157,25.863,0.006,0.02,-0.001,8.8,8.95,0,Stationary
6,2580,86.09,1211.0,1723.7,18.166,25.855,0.006,0.02,-0.0,318.2,8.96,0,Stationary
6,2640,88.09,1210.3,1723.0,18.155,25.845,0.007,0.03,0.001,221.4,8.94,0,Stationary
6,2700,90.09,1210.1,1723.5,18.152,25.853,0.004,0.02,-0.001,111.9,8.94,0,Stationary
6,2760,92.09,1209.2,1724.8,18.137,25.871,0.012,0.04,0.004,128.3,8.94,0,Stationary
6,2820,94.09,1210.4,1725.5,18.156,25.882,0.011,0.04,-0.0,30.7,8.96,0,Stationary
6,2880,96.1,1208.7,1723.8,18.131,25.857,0.018,0.06,0.003,226.0,8.93,0,Stationary
6,2940,98.1,1209.6,1721.6,18.145,25.824,0.018,0.06,0.0,292.0,8.93,0,Stationary
6,3000,100.1,1209.9,1722.1,18.149,25.831,0.004,0.02,-0.007,57.9,8.93,0,Stationary
6,3060,102.1,1210.2,1720.9,18.153,25.813,0.009,0.03,0.003,283.5,8.93,0,Stationary
6,3120,104.1,1209.3,1724.6,18.14,25.87,0.029,0.1,0.01,103.3,8.94,0,Stationary
6,3180,106.11,1209.5,1724.5,18.142,25.868,0.002,0.01,-0.014,315.3,8.94,0,Stationary
6,3240,108.11,1208.9,1724.8,18.133,25.872,0.005,0.02,0.002,153.2,8.93,0,Stationary
6,3360,112.11,1211.2,1722.5,18.168,25.838,0.012,0.04,0.002,315.2,8.95,0,Stationary
6,3420,114.11,1210.0,1723.8,18.151,25.857,0.013,0.05,0.0,131.4,8.94,0,Stationary
6,3480,116.12,1211.3,1722.9,18.17,25.844,0.012,0.04,-0.001,326.0,8.96,0,Stationary
6,3540,118.12,1210.0,1723.3,18.15,25.85,0.01,0.04,-0.001,163.2,8.94,0,Stationary
6,3720,124.12,1214.0,1719.7,18.21,25.795,0.014,0.05,0.001,317.4,8.98,0,Stationary
6,3780,126.13,1210.0,1721.8,18.15,25.827,0.034,0.12,0.01,152.7,8.93,0,Stationary
6,3840,128.13,1208.5,1720.2,18.127,25.803,0.016,0.06,-0.009,226.6,8.9,0,Stationary
6,3900,130.13,1209.7,1722.4,18.145,25.837,0.019,0.07,0.001,61.9,8.93,0,Stationary
6,3960,132.13,1209.9,1721.1,18.148,25.816,0.01,0.04,-0.004,277.4,8.93,0,Stationary
6,4020,134.13,1209.0,1720.6,18.134,25.809,0.008,0.03,-0.001,208.5,8.91,0,Stationary
6,4140,138.14,1210.7,1720.5,18.16,25.807,0.006,0.02,-0.0,355.6,8.93,0,Stationary
6,4200,140.14,1211.6,1722.0,18.174,25.831,0.014,0.05,0.004,59.8,8.96,0,Stationary
6,4260,142.14,1210.0,1721.0,18.15,25.815,0.014,0.05,0.0,212.8,8.93,0,Stationary
6,4380,146.15,1209.6,1724.0,18.144,25.86,0.011,0.04,-0.001,97.4,8.94,0,Stationary
6,4440,148.15,1208.9,1725.0,18.133,25.874,0.009,0.03,-0.001,128.7,8.93,0,Stationary
6,4560,152.15,1208.5,1729.3,18.127,25.94,0.016,0.06,0.002,94.9,8.95,0,Stationary
6,4680,156.16,1208.2,1727.4,18.124,25.911,0.007,0.03,-0.002,262.6,8.94,0,Stationary
6,4800,160.16,1206.7,1726.1,18.1,25.891,0.008,0.03,0.0,219.0,8.91,0,Stationary
6,5100,170.17,1207.0,1729.9,18.105,25.949,0.006,0.02,-0.0,84.9,8.93,0,Stationary
6,5160,172.17,1209.4,1723.9,18.141,25.858,0.049,0.18,0.022,291.4,8.94,0,Stationary
6,5580,186.19,1209.9,1726.8,18.148,25.902,0.003,0.01,-0.003,80.8,8.96,0,Stationary
6,5760,192.19,1210.3,1728.9,18.155,25.934,0.005,0.02,0.0,78.5,8.98,0,Stationary
6,5820,194.19,1210.0,1729.5,18.15,25.943,0.005,0.02,-0.0,114.5,8.97,0,Stationary
6,5940,198.2,1208.2,1726.1,18.123,25.891,0.015,0.05,0.002,242.1,8.93,0,Stationary
6,6060,202.2,1209.9,1722.2,18.149,25.833,0.016,0.06,0.0,294.1,8.93,0,Stationary
6,6120,204.2,1212.9,1723.6,18.193,25.854,0.024,0.09,0.004,26.4,8.98,0,Stationary
6,6180,206.21,1211.7,1723.5,18.175,25.853,0.009,0.03,-0.008,186.0,8.96,0,Stationary
6,6240,208.21,1210.7,1721.8,18.16,25.827,0.015,0.05,0.003,240.8,8.94,0,Stationary
6,6300,210.21,1208.0,1721.7,18.119,25.826,0.021,0.07,0.003,181.5,8.9,0,Stationary
6,6360,212.21,1209.4,1721.0,18.14,25.815,0.012,0.04,-0.004,334.1,8.92,0,Stationary
6,6420,214.21,1207.7,1721.4,18.116,25.821,0.013,0.05,0.0,168.2,8.9,0,Stationary
6,6480,216.22,1208.6,1720.6,18.13,25.808,0.009,0.03,-0.002,319.0,8.91,0,Stationary
6,6540,218.22,1207.6,1722.9,18.114,25.843,0.019,0.07,0.005,114.5,8.9,0,Stationary
6,6600,220.22,1207.3,1725.0,18.109,25.875,0.016,0.06,-0.002,98.4,8.91,0,Stationary
6,6660,222.22,1207.3,1725.7,18.109,25.886,0.005,0.02,-0.005,90.8,8.92,0,Stationary
6,6720,224.22,1207.7,1724.7,18.116,25.87,0.008,0.03,0.001,293.9,8.92,0,Stationary
6,6780,226.23,1208.2,1721.6,18.123,25.824,0.023,0.08,0.008,278.8,8.91,0,Stationary
6,6840,228.23,1208.8,1722.3,18.132,25.835,0.007,0.03,-0.008,48.7,8.92,0,Stationary
6,6900,230.23,1207.0,1725.8,18.104,25.887,0.03,0.11,0.011,118.0,8.91,0,Stationary
6,6960,232.23,1207.5,1725.0,18.112,25.875,0.007,0.03,-0.011,302.3,8.91,0,Stationary
6,7020,234.23,1208.8,1723.8,18.133,25.857,0.014,0.05,0.003,318.6,8.93,0,Stationary
6,7080,236.24,1207.6,1724.8,18.114,25.872,0.012,0.04,-0.001,140.2,8.92,0,Stationary
6,7140,238.24,1208.8,1722.6,18.131,25.84,0.018,0.07,0.003,297.7,8.92,0,Stationary
6,7200,240.24,1207.7,1724.2,18.115,25.864,0.014,0.05,-0.002,123.5,8.91,0,Stationary
6,7260,242.24,1208.4,1726.2,18.126,25.893,0.016,0.06,0.001,69.5,8.93,0,Stationary
6,7380,246.25,1206.0,1724.8,18.09,25.873,0.01,0.04,-0.001,209.0,8.89,0,Stationary
6,7680,256.26,1209.4,1724.5,18.142,25.868,0.005,0.02,-0.001,354.9,8.94,0,Stationary
6,7740,258.26,1209.4,1723.0,18.141,25.845,0.012,0.04,0.003,268.6,8.93,0,Stationary
6,7800,260.26,1209.6,1723.3,18.144,25.849,0.003,0.01,-0.004,51.9,8.94,0,Stationary
6,7860,262.26,1209.5,1724.6,18.142,25.87,0.01,0.04,0.004,96.9,8.94,0,Stationary
6,8040,268.27,1210.0,1725.5,18.15,25.883,0.003,0.01,-0.001,59.2,8.95,0,Stationary
6,8160,272.27,1210.7,1725.7,18.161,25.886,0.003,0.01,0.0,13.2,8.96,0,Stationary
6,8340,278.28,1209.9,1727.5,18.148,25.912,0.005,0.02,0.0,116.9,8.96,0,Stationary
6,8400,280.28,1209.6,1727.1,18.143,25.906,0.004,0.01,-0.001,232.7,8.95,0,Stationary
6,8460,282.28,1210.6,1728.9,18.158,25.934,0.016,0.06,0.006,61.6,8.98,0,Stationary
6,8520,284.28,1209.6,1729.6,18.144,25.944,0.009,0.03,-0.004,144.3,8.97,0,Stationary
6,8760,292.29,1209.8,1727.0,18.147,25.904,0.005,0.02,-0.0,274.0,8.96,0,Stationary
6,8820,294.29,1209.9,1725.2,18.148,25.879,0.013,0.05,0.004,272.8,8.95,0,Stationary
6,8880,296.3,1208.8,1725.0,18.132,25.876,0.008,0.03,-0.002,190.7,8.93,0,Stationary
6,8940,298.3,1210.2,1725.1,18.152,25.877,0.01,0.04,0.001,4.2,8.95,0,Stationary
6,9060,302.3,1210.1,1725.3,18.151,25.88,0.001,0.0,-0.002,116.5,8.95,0,Stationary
6,9120,304.3,1211.5,1726.8,18.172,25.902,0.015,0.05,0.007,47.3,8.98,0,Stationary
6,9180,306.31,1209.8,1725.4,18.146,25.882,0.016,0.06,0.0,219.1,8.95,0,Stationary
6,9240,308.31,1210.0,1725.2,18.15,25.878,0.002,0.01,-0.007,312.2,8.95,0,Stationary
6,9420,314.31,1209.4,1721.8,18.141,25.828,0.009,0.03,0.001,260.7,8.92,0,Stationary
6,9480,316.32,1208.4,1724.8,18.126,25.873,0.024,0.09,0.008,108.8,8.93,0,Stationary
6,9540,318.32,1209.4,1724.8,18.141,25.872,0.007,0.03,-0.008,359.2,8.94,0,Stationary
6,9600,320.32,1209.4,1724.8,18.141,25.871,0.001,0.0,-0.003,288.0,8.94,0,Stationary
6,9660,322.32,1210.3,1722.1,18.154,25.831,0.021,0.08,0.01,287.7,8.94,0,Stationary
6,9720,324.32,1209.0,1721.9,18.134,25.828,0.01,0.04,-0.006,187.9,8.92,0,Stationary
6,9780,326.33,1210.0,1721.5,18.149,25.822,0.008,0.03,-0.001,337.0,8.93,0,Stationary
6,9840,328.33,1210.3,1720.1,18.155,25.801,0.011,0.04,0.001,284.4,8.93,0,Stationary
6,9900,330.33,1212.1,1721.0,18.181,25.815,0.015,0.05,0.002,27.8,8.96,0,Stationary
6,9960,332.33,1212.9,1719.6,18.193,25.794,0.012,0.04,-0.001,298.6,8.96,0,Stationary
6,10020,334.33,1211.1,1719.8,18.166,25.797,0.014,0.05,0.001,173.3,8.94,0,Stationary
6,10080,336.34,1210.7,1719.8,18.16,25.797,0.003,0.01,-0.005,179.0,8.93,0,Stationary
6,10140,338.34,1210.5,1718.4,18.158,25.776,0.011,0.04,0.004,264.9,8.92,0,Stationary
6,10200,340.34,1208.2,1721.1,18.123,25.817,0.027,0.1,0.008,129.8,8.9,0,Stationary
6,10260,342.34,1208.9,1719.5,18.133,25.793,0.013,0.05,-0.007,292.6,8.9,0,Stationary
6,10320,344.34,1210.2,1715.8,18.152,25.737,0.029,0.11,0.008,288.9,8.9,0,Stationary
6,10380,346.35,1208.5,1716.4,18.128,25.747,0.013,0.05,-0.008,159.3,8.88,0,Stationary
6,10440,348.35,1210.7,1716.7,18.161,25.751,0.016,0.06,0.002,8.1,8.92,0,Stationary
6,10500,350.35,1209.5,1715.6,18.143,25.735,0.012,0.04,-0.002,222.9,8.89,0,Stationary
6,10560,352.35,1211.3,1716.6,18.17,25.749,0.015,0.05,0.001,27.8,8.92,0,Stationary
6,10680,356.36,1208.5,1719.7,18.128,25.796,0.016,0.06,0.0,131.1,8.9,0,Stationary
6,10740,358.36,1208.5,1720.5,18.128,25.808,0.006,0.02,-0.005,92.0,8.9,0,Stationary
6,10800,360.36,1210.8,1719.3,18.163,25.79,0.02,0.07,0.007,332.8,8.93,0,Stationary
6,10860,362.36,1210.7,1720.4,18.16,25.807,0.009,0.03,-0.005,98.0,8.93,0,Stationary
6,10980,366.37,1209.4,1720.7,18.141,25.81,0.005,0.02,-0.001,170.4,8.92,0,Stationary
6,11040,368.37,1210.7,1720.9,18.16,25.813,0.01,0.04,0.002,9.1,8.94,0,Stationary
6,11100,370.37,1211.7,1720.3,18.175,25.805,0.009,0.03,-0.001,330.1,8.95,0,Stationary
6,11160,372.37,1210.2,1719.0,18.154,25.785,0.015,0.05,0.003,222.6,8.92,0,Stationary
6,11220,374.37,1213.2,1718.8,18.198,25.781,0.022,0.08,0.004,355.7,8.96,0,Stationary
6,11280,376.38,1212.7,1716.7,18.19,25.751,0.016,0.06,-0.003,256.4,8.94,0,Stationary
6,11340,378.38,1211.9,1715.8,18.179,25.738,0.009,0.03,-0.003,230.5,8.93,0,Stationary
6,11400,380.38,1208.6,1717.9,18.129,25.769,0.03,0.11,0.01,148.3,8.89,0,Stationary
6,11460,382.38,1211.5,1716.3,18.173,25.745,0.025,0.09,-0.002,331.3,8.92,0,Stationary
6,11520,384.38,1210.1,1717.3,18.152,25.76,0.013,0.05,-0.006,143.6,8.91,0,Stationary
6,11580,386.39,1208.6,1718.9,18.13,25.784,0.016,0.06,0.002,133.5,8.9,0,Stationary
6,11640,388.39,1208.5,1719.7,18.128,25.795,0.006,0.02,-0.005,97.5,8.9,0,Stationary
6,11700,390.39,1208.6,1720.7,18.13,25.811,0.008,0.03,0.001,84.5,8.91,0,Stationary
6,11760,392.39,1210.3,1721.2,18.155,25.819,0.013,0.05,0.003,17.4,8.93,0,Stationary
6,11820,394.39,1209.5,1725.2,18.142,25.878,0.031,0.11,0.009,102.3,8.94,0,Stationary
6,11880,396.4,1208.2,1722.5,18.122,25.838,0.022,0.08,-0.004,244.3,8.91,0,Stationary
6,11940,398.4,1209.2,1721.4,18.138,25.821,0.012,0.04,-0.005,312.9,8.92,0,Stationary
6,12000,400.4,1209.3,1721.1,18.139,25.817,0.002,0.01,-0.005,283.5,8.92,0,Stationary
6,12060,402.4,1209.3,1721.2,18.139,25.818,0.001,0.0,-0.001,90.9,8.92,0,Stationary
6,12120,404.4,1209.2,1721.7,18.138,25.825,0.004,0.01,0.002,101.4,8.92,0,Stationary
6,12180,406.41,1207.1,1721.3,18.107,25.819,0.016,0.06,0.006,191.2,8.89,0,Stationary
6,12240,408.41,1209.1,1722.8,18.136,25.842,0.019,0.07,0.002,37.8,8.93,0,Stationary
6,12300,410.41,1209.1,1721.5,18.136,25.823,0.01,0.03,-0.005,268.7,8.92,0,Stationary
6,12360,412.41,1205.7,1720.2,18.086,25.802,0.027,0.1,0.009,202.4,8.86,0,Stationary
6,12480,416.42,1206.2,1718.7,18.094,25.781,0.006,0.02,-0.005,290.0,8.86,0,Stationary
6,12540,418.42,1205.4,1721.1,18.081,25.817,0.019,0.07,0.007,110.1,8.86,0,Stationary
6,12600,420.42,1205.3,1722.3,18.079,25.834,0.009,0.03,-0.005,95.6,8.87,0,Stationary
6,13020,434.43,1206.4,1717.6,18.095,25.764,0.005,0.02,-0.0,283.3,8.86,0,Stationary
6,13080,436.44,1206.4,1717.6,18.096,25.764,0.0,0.0,-0.002,71.3,8.86,0,Stationary
6,13140,438.44,1205.7,1717.1,18.086,25.756,0.006,0.02,0.003,218.4,8.85,0,Stationary
6,13200,440.44,1207.2,1718.0,18.108,25.77,0.013,0.05,0.003,31.6,8.87,0,Stationary
6,13320,444.44,1207.8,1718.0,18.116,25.77,0.002,0.01,-0.003,359.0,8.88,0,Stationary
6,13380,446.45,1206.3,1720.2,18.094,25.803,0.02,0.07,0.009,124.8,8.87,0,Stationary
6,13440,448.45,1207.6,1719.6,18.114,25.794,0.011,0.04,-0.004,335.7,8.89,0,Stationary
6,13500,450.45,1207.8,1719.3,18.118,25.79,0.002,0.01,-0.004,314.7,8.89,0,Stationary
6,13560,452.45,1207.0,1719.5,18.105,25.792,0.006,0.02,0.002,170.4,8.88,0,Stationary
6,13620,454.45,1206.5,1722.9,18.098,25.843,0.026,0.09,0.01,98.0,8.89,0,Stationary
6,13680,456.46,1206.7,1721.5,18.101,25.822,0.011,0.04,-0.008,279.1,8.89,0,Stationary
6,13740,458.46,1205.8,1720.0,18.086,25.8,0.014,0.05,0.001,236.7,8.86,0,Stationary
6,13800,460.46,1205.7,1719.1,18.085,25.787,0.007,0.02,-0.003,264.9,8.86,0,Stationary
6,14040,468.47,1206.4,1719.1,18.096,25.786,0.001,0.0,-0.001,358.9,8.87,0,Stationary
6,14100,470.47,1207.0,1721.9,18.104,25.828,0.021,0.08,0.01,78.7,8.89,0,Stationary
6,14160,472.47,1205.1,1720.2,18.077,25.803,0.019,0.07,-0.001,223.1,8.86,0,Stationary
6,14220,474.47,1206.1,1719.6,18.091,25.794,0.008,0.03,-0.005,328.4,8.87,0,Stationary
6,14340,478.48,1205.5,1721.5,18.082,25.822,0.007,0.03,-0.0,107.1,8.87,0,Stationary
6,14400,480.48,1206.2,1721.0,18.093,25.815,0.007,0.02,-0.0,326.2,8.88,0,Stationary
6,14520,484.48,1207.3,1721.9,18.109,25.829,0.005,0.02,-0.0,42.7,8.89,0,Stationary
6,14580,486.49,1205.8,1722.2,18.088,25.833,0.011,0.04,0.003,169.9,8.88,0,Stationary
6,14760,492.49,1205.8,1720.6,18.087,25.809,0.004,0.01,-0.001,268.4,8.87,0,Stationary
6,14820,494.49,1205.8,1720.6,18.087,25.809,0.0,0.0,-0.002,65.1,8.87,0,Stationary
6,15180,506.51,1205.4,1722.7,18.082,25.84,0.003,0.01,0.0,100.0,8.87,0,Stationary
6,16620,554.55,1205.8,1719.2,18.088,25.788,0.001,0.0,-0.0,276.6,8.86,0,Stationary
6,17160,572.57,1205.4,1715.8,18.081,25.738,0.003,0.01,0.0,263.0,8.84,0,Stationary
6,17280,576.58,1205.4,1715.4,18.08,25.731,0.002,0.01,-0.0,261.0,8.83,0,Stationary
6,17400,580.58,1203.9,1716.2,18.059,25.743,0.006,0.02,0.001,150.2,8.82,0,Stationary
6,17460,582.58,1204.3,1715.8,18.064,25.737,0.004,0.01,-0.001,313.6,8.82,0,Stationary
6,17640,588.59,1206.2,1712.7,18.093,25.69,0.009,0.03,0.001,301.5,8.83,0,Stationary
6,17700,590.59,1203.6,1714.6,18.054,25.719,0.024,0.09,0.008,143.4,8.8,0,Stationary
6,17760,592.59,1204.0,1714.9,18.06,25.723,0.004,0.01,-0.01,35.7,8.81,0,Stationary
6,17880,596.6,1204.5,1714.8,18.067,25.722,0.002,0.01,-0.0,347.8,8.82,0,Stationary
6,18000,600.6,1203.5,1718.1,18.053,25.772,0.013,0.05,0.003,106.0,8.82,0,Stationary
6,18060,602.6,1204.6,1718.3,18.069,25.775,0.008,0.03,-0.002,9.9,8.84,0,Stationary
6,18120,604.6,1204.6,1718.2,18.07,25.773,0.001,0.0,-0.004,275.6,8.84,0,Stationary
6,18180,606.61,1204.2,1716.1,18.064,25.741,0.016,0.06,0.008,259.4,8.82,0,Stationary
6,18240,608.61,1204.2,1715.6,18.063,25.733,0.004,0.01,-0.006,263.3,8.82,0,Stationary
6,18300,610.61,1203.9,1715.6,18.058,25.734,0.002,0.01,-0.001,175.9,8.81,0,Stationary
6,18360,612.61,1204.2,1714.9,18.062,25.723,0.006,0.02,0.002,292.8,8.81,0,Stationary
6,18480,616.62,1206.4,1716.5,18.095,25.747,0.01,0.04,0.001,35.4,8.85,0,Stationary
6,18600,620.62,1207.5,1716.7,18.112,25.75,0.004,0.02,-0.001,9.7,8.87,0,Stationary
6,18900,630.63,1205.4,1716.7,18.081,25.751,0.003,0.01,-0.0,178.1,8.84,0,Stationary
6,18960,632.63,1206.3,1718.0,18.095,25.77,0.012,0.04,0.004,55.0,8.86,0,Stationary
6,19020,634.63,1206.2,1717.4,18.092,25.76,0.005,0.02,-0.003,255.6,8.85,0,Stationary
6,19080,636.64,1206.6,1715.6,18.098,25.734,0.014,0.05,0.004,282.8,8.85,0,Stationary
6,19140,638.64,1206.3,1717.9,18.094,25.768,0.017,0.06,0.002,96.7,8.86,0,Stationary
6,19200,640.64,1206.2,1716.8,18.093,25.753,0.008,0.03,-0.005,264.0,8.85,0,Stationary
6,19380,646.65,1204.7,1718.3,18.07,25.775,0.005,0.02,-0.0,135.4,8.84,0,Stationary
6,19500,650.65,1206.4,1720.1,18.096,25.801,0.009,0.03,0.001,45.2,8.87,0,Stationary
6,19980,666.67,1207.2,1714.9,18.108,25.723,0.005,0.02,-0.0,278.5,8.86,0,Stationary
6,20040,668.67,1206.8,1716.5,18.102,25.747,0.012,0.04,0.004,104.8,8.86,0,Stationary
6,20100,670.67,1206.0,1717.3,18.09,25.759,0.008,0.03,-0.002,135.0,8.85,0,Stationary
6,20160,672.67,1206.7,1717.2,18.1,25.758,0.005,0.02,-0.002,352.7,8.86,0,Stationary
6,20280,676.68,1206.6,1717.3,18.099,25.76,0.0,0.0,-0.001,133.6,8.86,0,Stationary
6,20340,678.68,1203.7,1717.6,18.056,25.764,0.022,0.08,0.011,173.8,8.82,0,Stationary
6,20400,680.68,1204.9,1716.8,18.074,25.752,0.011,0.04,-0.005,327.1,8.83,0,Stationary
6,20460,682.68,1203.8,1715.9,18.057,25.738,0.011,0.04,0.0,221.1,8.81,0,Stationary
6,20520,684.68,1206.0,1717.6,18.091,25.763,0.021,0.08,0.005,37.4,8.85,0,Stationary
6,20580,686.69,1206.1,1717.4,18.091,25.762,0.001,0.0,-0.01,286.3,8.85,0,Stationary
6,20820,694.69,1204.0,1711.6,18.06,25.674,0.012,0.04,0.001,250.3,8.79,0,Stationary
6,20880,696.7,1203.7,1714.0,18.055,25.71,0.018,0.07,0.003,96.5,8.8,0,Stationary
6,20940,698.7,1203.1,1715.1,18.047,25.727,0.009,0.03,-0.004,116.4,8.8,0,Stationary
6,21180,706.71,1203.6,1711.9,18.055,25.678,0.006,0.02,-0.0,278.8,8.79,0,Stationary
6,21240,708.71,1204.1,1711.7,18.061,25.675,0.003,0.01,-0.001,335.5,8.79,0,Stationary
6,21420,714.71,1206.3,1711.1,18.094,25.666,0.006,0.02,0.0,344.5,8.82,0,Stationary
6,21480,716.72,1205.9,1711.3,18.089,25.67,0.003,0.01,-0.001,144.6,8.82,0,Stationary
6,21600,720.72,1205.7,1713.6,18.086,25.704,0.009,0.03,0.001,94.8,8.83,0,Stationary
6,21660,722.72,1206.0,1713.2,18.09,25.699,0.004,0.01,-0.003,310.6,8.83,0,Stationary
6,21720,724.72,1206.4,1710.7,18.096,25.66,0.019,0.07,0.008,278.4,8.82,0,Stationary
6,21780,726.73,1207.6,1710.2,18.114,25.653,0.01,0.03,-0.005,336.3,8.84,0,Stationary
6,21840,728.73,1204.2,1711.6,18.063,25.674,0.027,0.1,0.009,157.2,8.8,0,Stationary
6,21900,730.73,1204.1,1713.4,18.061,25.702,0.014,0.05,-0.007,94.3,8.8,0,Stationary
6,21960,732.73,1207.5,1714.0,18.113,25.709,0.026,0.1,0.006,8.4,8.86,0,Stationary
6,22080,736.74,1205.6,1713.5,18.084,25.703,0.007,0.03,-0.005,192.8,8.83,0,Stationary
6,22140,738.74,1206.6,1713.2,18.099,25.698,0.008,0.03,0.0,341.4,8.84,0,Stationary
6,22200,740.74,1204.4,1712.1,18.066,25.681,0.019,0.07,0.005,207.4,8.8,0,Stationary
6,22260,742.74,1203.4,1714.7,18.051,25.721,0.021,0.08,0.001,110.0,8.8,0,Stationary
6,22320,744.74,1203.8,1714.1,18.056,25.712,0.005,0.02,-0.008,299.7,8.8,0,Stationary
6,22620,754.75,1202.3,1711.6,18.034,25.675,0.004,0.02,-0.0,239.1,8.77,0,Stationary
6,22800,760.76,1203.4,1715.3,18.051,25.73,0.01,0.03,0.001,72.9,8.81,0,Stationary
6,22860,762.76,1203.9,1714.4,18.059,25.716,0.008,0.03,-0.001,298.0,8.81,0,Stationary
6,22920,764.76,1205.1,1713.0,18.076,25.695,0.014,0.05,0.003,310.6,8.82,0,Stationary
6,22980,766.77,1205.0,1712.9,18.075,25.693,0.001,0.0,-0.006,244.1,8.81,0,Stationary
6,23040,768.77,1205.5,1714.3,18.082,25.714,0.011,0.04,0.005,72.0,8.83,0,Stationary
6,23100,770.77,1205.4,1716.4,18.081,25.745,0.016,0.06,0.002,92.9,8.84,0,Stationary
6,23280,776.78,1205.1,1714.3,18.077,25.714,0.005,0.02,-0.002,262.4,8.82,0,Stationary
6,23340,778.78,1200.7,1715.2,18.011,25.729,0.034,0.12,0.014,167.5,8.77,0,Stationary
6,24300,810.81,1202.1,1705.6,18.031,25.583,0.005,0.02,-0.001,277.7,8.73,0,Stationary
7,1320,44.04,1203.3,1865.0,18.049,27.976,0.015,0.05,0.0,80.4,9.61,0,Stationary
7,1440,48.05,1203.9,1868.9,18.059,28.034,0.015,0.05,0.0,80.4,9.64,0,Stationary
7,1500,50.05,1202.7,1866.2,18.041,27.993,0.022,0.08,0.004,246.3,9.61,0,Stationary
7,1620,54.05,1203.1,1871.8,18.047,28.076,0.021,0.08,-0.0,86.1,9.64,0,Stationary
7,1680,56.06,1202.7,1866.8,18.041,28.002,0.037,0.13,0.008,265.2,9.61,0,Stationary
7,1740,58.06,1202.5,1868.2,18.037,28.023,0.011,0.04,-0.013,99.6,9.61,0,Stationary
7,1800,60.06,1204.0,1862.7,18.06,27.941,0.043,0.15,0.016,285.3,9.61,0,Stationary
7,1860,62.06,1202.3,1866.2,18.034,27.993,0.029,0.1,-0.007,115.8,9.6,0,Stationary
7,1920,64.06,1201.6,1865.5,18.024,27.982,0.008,0.03,-0.011,224.8,9.59,0,Stationary
7,1980,66.07,1203.0,1865.4,18.045,27.982,0.01,0.04,0.001,358.5,9.61,0,Stationary
7,2040,68.07,1202.2,1865.9,18.033,27.989,0.007,0.02,-0.002,149.1,9.6,0,Stationary
7,2100,70.07,1204.4,1863.8,18.066,27.957,0.023,0.08,0.008,316.3,9.62,0,Stationary
7,2160,72.07,1204.8,1863.9,18.073,27.958,0.004,0.01,-0.01,6.6,9.62,0,Stationary
7,2220,74.07,1203.5,1868.8,18.053,28.032,0.038,0.14,0.017,104.9,9.63,0,Stationary
7,2280,76.08,1203.0,1869.5,18.045,28.042,0.006,0.02,-0.016,127.4,9.63,0,Stationary
7,2460,82.08,1203.4,1869.7,18.05,28.045,0.001,0.0,-0.001,33.5,9.64,0,Stationary
7,2520,84.08,1203.1,1868.5,18.047,28.028,0.009,0.03,0.004,257.9,9.63,0,Stationary
7,2580,86.09,1205.7,1872.1,18.086,28.082,0.033,0.12,0.012,54.3,9.68,0,Stationary
7,2640,88.09,1205.0,1871.5,18.075,28.073,0.007,0.03,-0.013,221.5,9.67,0,Stationary
7,2700,90.09,1205.0,1872.4,18.075,28.087,0.007,0.03,-0.0,89.8,9.67,0,Stationary
7,2760,92.09,1201.9,1864.8,18.029,27.972,0.062,0.22,0.027,248.1,9.59,0,Stationary
7,2820,94.09,1202.9,1865.3,18.043,27.979,0.008,0.03,-0.027,25.4,9.6,0,Stationary
7,2880,96.1,1200.9,1865.6,18.014,27.984,0.015,0.05,0.003,170.2,9.58,0,Stationary
7,2940,98.1,1203.3,1863.9,18.049,27.959,0.022,0.08,0.004,324.7,9.6,0,Stationary
7,3000,100.1,1202.3,1866.8,18.034,28.002,0.023,0.08,0.001,109.5,9.6,0,Stationary
7,3060,102.1,1202.8,1866.1,18.042,27.991,0.007,0.02,-0.008,307.0,9.61,0,Stationary
7,3120,104.1,1202.7,1868.2,18.04,28.024,0.016,0.06,0.005,93.7,9.62,0,Stationary
7,3180,106.11,1202.8,1866.5,18.042,27.998,0.013,0.05,-0.002,274.6,9.61,0,Stationary
7,3240,108.11,1202.9,1866.7,18.044,28.001,0.002,0.01,-0.006,65.6,9.61,0,Stationary
7,3360,112.11,1203.4,1870.1,18.052,28.051,0.013,0.05,0.003,81.1,9.64,0,Stationary
7,3420,114.11,1203.7,1869.6,18.056,28.044,0.004,0.01,-0.004,304.5,9.64,0,Stationary
7,3540,118.12,1202.3,1867.0,18.034,28.005,0.011,0.04,0.002,241.2,9.61,0,Stationary
7,3600,120.12,1201.5,1864.7,18.022,27.97,0.018,0.07,0.004,250.9,9.58,0,Stationary
7,3660,122.12,1205.0,1873.4,18.076,28.101,0.071,0.25,0.026,67.9,9.68,0,Stationary
7,3720,124.12,1205.4,1862.4,18.082,27.937,0.082,0.3,0.006,272.1,9.63,0,Stationary
7,3780,126.13,1203.0,1870.1,18.045,28.051,0.06,0.22,-0.011,107.6,9.63,0,Stationary
7,3840,128.13,1203.1,1867.7,18.046,28.015,0.018,0.07,-0.021,272.2,9.62,0,Stationary
7,3900,130.13,1202.8,1868.4,18.042,28.026,0.006,0.02,-0.006,111.5,9.62,0,Stationary
7,3960,132.13,1203.2,1866.1,18.048,27.992,0.017,0.06,0.006,279.6,9.61,0,Stationary
7,4020,134.13,1204.1,1864.5,18.061,27.968,0.014,0.05,-0.002,297.6,9.62,0,Stationary
7,4080,136.14,1205.5,1868.2,18.082,28.024,0.03,0.11,0.008,68.8,9.66,0,Stationary
7,6120,204.2,1206.3,1865.4,18.095,27.981,0.001,0.0,-0.0,286.3,9.65,0,Stationary
7,6180,206.21,1206.0,1869.7,18.089,28.045,0.032,0.12,0.016,94.9,9.67,0,Stationary
7,7920,264.26,1204.3,1871.4,18.065,28.07,0.001,0.0,-0.001,133.8,9.66,0,Stationary
7,7980,266.27,1203.2,1867.0,18.048,28.006,0.033,0.12,0.016,255.0,9.62,0,Stationary
7,8100,270.27,1204.7,1869.1,18.07,28.037,0.01,0.03,-0.006,54.1,9.65,0,Stationary
7,8340,278.28,1203.1,1868.4,18.047,28.027,0.003,0.01,-0.001,203.7,9.63,0,Stationary
7,8400,280.28,1202.9,1869.5,18.043,28.042,0.008,0.03,0.002,104.7,9.63,0,Stationary
7,8940,298.3,1202.8,1867.2,18.041,28.008,0.002,0.01,-0.0,267.4,9.61,0,Stationary
7,9000,300.3,1203.7,1869.9,18.056,28.049,0.022,0.08,0.01,70.8,9.64,0,Stationary
7,9060,302.3,1204.3,1863.9,18.065,27.959,0.045,0.16,0.012,275.6,9.62,0,Stationary
7,9240,308.31,1202.5,1866.3,18.037,27.994,0.007,0.03,-0.006,128.3,9.6,0,Stationary
7,9420,314.31,1202.9,1863.9,18.044,27.959,0.006,0.02,-0.0,281.5,9.6,0,Stationary
7,9540,318.32,1202.0,1864.0,18.03,27.961,0.003,0.01,-0.001,174.1,9.59,0,Stationary
7,9600,320.32,1201.3,1864.7,18.02,27.971,0.007,0.03,0.002,134.1,9.58,0,Stationary
7,9660,322.32,1201.3,1863.5,18.02,27.953,0.009,0.03,0.001,269.3,9.57,0,Stationary
7,9720,324.32,1202.1,1864.7,18.031,27.97,0.01,0.04,0.001,57.5,9.59,0,Stationary
7,9780,326.33,1203.2,1866.6,18.048,27.999,0.017,0.06,0.003,59.4,9.62,0,Stationary
7,9840,328.33,1204.6,1867.0,18.069,28.005,0.011,0.04,-0.003,16.6,9.64,0,Stationary
7,9900,330.33,1206.3,1868.9,18.095,28.034,0.019,0.07,0.004,47.2,9.67,0,Stationary
7,9960,332.33,1206.4,1860.2,18.096,27.902,0.066,0.24,0.023,270.4,9.63,0,Stationary
7,10020,334.33,1204.6,1870.8,18.07,28.063,0.081,0.29,0.008,99.3,9.66,0,Stationary
7,10140,338.34,1202.8,1865.5,18.042,27.983,0.021,0.08,-0.015,251.0,9.6,0,Stationary
7,10200,340.34,1201.3,1862.5,18.019,27.938,0.025,0.09,0.002,242.8,9.57,0,Stationary
7,10320,344.34,1202.6,1861.5,18.039,27.922,0.006,0.02,-0.005,322.1,9.58,0,Stationary
7,10380,346.35,1200.8,1859.3,18.012,27.89,0.021,0.07,0.007,230.6,9.54,0,Stationary
7,10440,348.35,1202.0,1861.5,18.03,27.923,0.019,0.07,-0.001,61.3,9.57,0,Stationary
7,10560,352.35,1202.2,1859.6,18.032,27.893,0.007,0.03,-0.003,273.8,9.56,0,Stationary
7,10620,354.35,1203.3,1862.4,18.049,27.936,0.023,0.08,0.008,68.3,9.59,0,Stationary
7,10680,356.36,1201.0,1862.2,18.016,27.933,0.017,0.06,-0.003,185.5,9.56,0,Stationary
7,10800,360.36,1204.0,1869.5,18.06,28.042,0.03,0.11,0.003,67.8,9.64,0,Stationary
7,10860,362.36,1205.7,1870.5,18.085,28.058,0.015,0.05,-0.007,31.8,9.67,0,Stationary
7,10980,366.37,1203.9,1869.8,18.058,28.047,0.007,0.03,-0.002,201.6,9.64,0,Stationary
7,11040,368.37,1206.4,1873.1,18.096,28.097,0.031,0.11,0.012,53.1,9.7,0,Stationary
7,11100,370.37,1206.4,1870.7,18.097,28.061,0.018,0.07,-0.006,271.3,9.68,0,Stationary
7,11640,388.39,1202.0,1863.5,18.03,27.952,0.007,0.03,-0.001,238.3,9.58,0,Stationary
7,11700,390.39,1202.5,1864.9,18.037,27.974,0.011,0.04,0.002,72.2,9.6,0,Stationary
7,12120,404.4,1202.3,1864.6,18.035,27.969,0.0,0.0,-0.001,247.4,9.59,0,Stationary
7,12300,410.41,1200.4,1870.9,18.006,28.063,0.016,0.06,0.003,106.6,9.6,0,Stationary
7,13080,436.44,1197.3,1877.4,17.96,28.161,0.004,0.02,-0.0,115.4,9.59,0,Stationary
7,13500,450.45,1200.3,1893.6,18.004,28.404,0.018,0.06,0.001,79.6,9.73,0,Stationary
7,13560,452.45,1199.7,1892.6,17.996,28.389,0.009,0.03,-0.004,241.4,9.71,0,Stationary
7,13620,454.45,1199.0,1876.6,17.985,28.15,0.12,0.43,0.056,267.4,9.61,0,Stationary
7,13740,458.46,1198.8,1902.6,17.982,28.539,0.097,0.35,-0.006,90.5,9.76,0,Stationary
7,14100,470.47,1199.1,1883.2,17.986,28.247,0.024,0.09,-0.006,271.0,9.65,0,Stationary
7,14160,472.47,1199.5,1898.4,17.993,28.475,0.114,0.41,0.045,88.4,9.74,0,Stationary
7,14220,474.47,1199.0,1902.0,17.985,28.53,0.028,0.1,-0.043,98.3,9.76,0,Stationary
7,14400,480.48,1199.4,1900.5,17.99,28.508,0.004,0.01,-0.004,284.0,9.75,0,Stationary
7,14520,484.48,1199.5,1889.5,17.993,28.342,0.041,0.15,0.009,270.8,9.69,0,Stationary
7,14580,486.49,1199.2,1880.8,17.988,28.213,0.065,0.23,0.012,267.9,9.64,0,Stationary
7,14640,488.49,1199.0,1885.5,17.985,28.282,0.035,0.13,-0.015,92.1,9.66,0,Stationary
7,14760,492.49,1198.0,1898.1,17.971,28.472,0.048,0.17,0.003,94.4,9.72,0,Stationary
7,15180,506.51,1199.6,1899.9,17.994,28.498,0.002,0.01,-0.003,47.9,9.75,0,Stationary
7,16020,534.53,1204.9,1906.7,18.073,28.6,0.005,0.02,0.0,52.3,9.87,0,Stationary
7,16200,540.54,1205.7,1908.6,18.086,28.629,0.005,0.02,0.0,66.8,9.89,0,Stationary
9,3960,132.13,3034.6,1025.2,45.519,15.377,0.005,0.02,0.0,46.5,4.41,0,Stationary
9,4080,136.14,3035.6,1026.1,45.534,15.392,0.005,0.02,0.0,46.5,4.39,0,Stationary
9,4320,144.14,3034.0,1023.4,45.51,15.351,0.006,0.02,0.0,240.8,4.44,0,Stationary
9,4380,146.15,3035.4,1023.0,45.531,15.345,0.011,0.04,0.002,342.7,4.44,0,Stationary
13,6660,222.22,1204.1,1922.0,18.062,28.829,0.05,0.18,0.0,259.6,9.95,0,Stationary
13,6720,224.22,1202.9,1915.4,18.044,28.731,0.05,0.18,0.0,259.6,9.89,0,Stationary
13,7080,236.24,1204.9,1919.9,18.074,28.799,0.006,0.02,-0.004,65.9,9.95,0,Stationary
13,7200,240.24,1200.7,1916.8,18.011,28.752,0.02,0.07,0.003,216.4,9.87,0,Stationary
13,7260,242.24,1200.6,1917.0,18.008,28.755,0.002,0.01,-0.009,130.5,9.87,0,Stationary
14,7980,266.27,1065.0,351.6,15.974,5.274,0.004,0.01,0.0,266.7,9.25,0,Stationary
14,8100,270.27,1064.9,350.5,15.973,5.257,0.004,0.01,0.0,266.7,9.26,0,Stationary
14,8220,274.27,1065.0,352.0,15.974,5.28,0.006,0.02,0.0,88.0,9.24,0,Stationary
14,8460,282.28,1064.8,355.4,15.972,5.331,0.006,0.02,0.0,93.0,9.19,0,Stationary
14,8760,292.29,1064.7,353.2,15.97,5.298,0.003,0.01,-0.0,266.9,9.22,0,Stationary
14,9120,304.3,1066.0,354.5,15.99,5.318,0.002,0.01,-0.0,44.8,9.21,0,Stationary
14,9180,306.31,1065.3,353.9,15.98,5.309,0.007,0.02,0.002,223.3,9.21,0,Stationary
14,9240,308.31,1065.0,351.4,15.975,5.271,0.019,0.07,0.006,262.6,9.25,0,Stationary
14,9600,320.32,1065.5,349.1,15.983,5.237,0.003,0.01,-0.001,283.1,9.29,0,Stationary
14,9720,324.32,1066.4,350.0,15.996,5.25,0.005,0.02,0.0,47.0,9.28,0,Stationary
14,10320,344.34,1068.9,351.2,16.034,5.268,0.002,0.01,-0.0,24.9,9.27,0,Stationary
14,10440,348.35,1069.3,351.6,16.04,5.274,0.002,0.01,0.0,42.9,9.26,0,Stationary
15,8400,280.28,1558.6,1730.6,23.379,25.959,0.002,0.01,0.0,82.9,13.91,0,Stationary
15,8700,290.29,1558.7,1731.9,23.381,25.979,0.002,0.01,0.0,82.9,13.92,0,Stationary
15,9720,324.32,1560.2,1726.9,23.404,25.903,0.002,0.01,0.0,286.6,13.92,0,Stationary
16,8820,294.29,3092.8,1010.3,46.392,15.155,0.006,0.02,0.0,262.1,4.43,0,Stationary
16,8880,296.3,3092.7,1009.5,46.39,15.143,0.006,0.02,0.0,262.1,4.44,0,Stationary
16,9000,300.3,3092.9,1009.1,46.393,15.137,0.002,0.01,-0.001,294.2,4.45,0,Stationary
16,9060,302.3,3092.8,1009.9,46.392,15.148,0.006,0.02,0.002,96.1,4.44,0,Stationary
16,9120,304.3,3093.8,1012.3,46.406,15.184,0.019,0.07,0.007,67.9,4.4,0,Stationary
16,9180,306.31,3094.1,1002.7,46.412,15.04,0.072,0.26,0.026,272.2,4.54,0,Stationary
16,9240,308.31,3093.4,1006.2,46.401,15.094,0.027,0.1,-0.022,101.4,4.49,0,Stationary
16,9360,312.31,3094.2,1006.2,46.414,15.093,0.003,0.01,-0.006,355.6,4.49,0,Stationary
16,9480,316.32,3092.6,1009.5,46.389,15.142,0.014,0.05,0.003,116.9,4.45,0,Stationary
16,9660,322.32,3092.6,1007.1,46.39,15.107,0.006,0.02,-0.001,271.8,4.48,0,Stationary
16,9720,324.32,3094.1,1006.8,46.411,15.102,0.011,0.04,0.003,347.9,4.48,0,Stationary
16,9900,330.33,3093.5,1010.0,46.403,15.15,0.008,0.03,-0.001,100.5,4.44,0,Stationary
16,10140,338.34,3093.1,1008.5,46.396,15.127,0.003,0.01,-0.001,253.4,4.46,0,Stationary
16,10200,340.34,3094.1,1008.2,46.411,15.122,0.008,0.03,0.002,341.7,4.46,0,Stationary
16,10260,342.34,3093.2,1006.6,46.398,15.1,0.013,0.05,0.003,239.8,4.49,0,Stationary
16,10380,346.35,3094.4,1003.0,46.415,15.045,0.014,0.05,0.0,287.7,4.54,0,Stationary
16,10440,348.35,3094.5,1003.7,46.418,15.055,0.005,0.02,-0.005,75.9,4.53,0,Stationary
16,10620,354.35,3093.0,1007.0,46.395,15.104,0.009,0.03,0.001,114.7,4.48,0,Stationary
16,11160,372.37,3091.3,1010.1,46.369,15.152,0.003,0.01,-0.0,118.8,4.44,0,Stationary
16,11400,380.38,3089.5,1010.7,46.342,15.16,0.004,0.01,0.0,162.9,4.43,0,Stationary
16,11460,382.38,3090.1,1012.6,46.351,15.188,0.015,0.05,0.006,71.4,4.4,0,Stationary
17,9420,314.31,2421.6,1362.2,36.324,20.433,0.028,0.1,0.0,166.1,10.42,0,Stationary
17,9480,316.32,2417.9,1363.1,36.269,20.447,0.028,0.1,0.0,166.1,10.48,0,Stationary
17,9540,318.32,2423.6,1397.0,36.354,20.955,0.258,0.93,0.115,80.5,10.42,0,Stationary
17,9600,320.32,2422.8,1377.4,36.341,20.66,0.148,0.53,-0.055,267.5,10.41,0,Stationary
18,10320,344.34,2298.6,1657.7,34.479,24.865,0.068,0.24,0.0,113.6,13.14,0,Stationary
18,10380,346.35,2295.0,1666.0,34.424,24.99,0.068,0.24,0.0,113.6,13.24,0,Stationary
18,10440,348.35,2293.9,1672.5,34.409,25.088,0.05,0.18,-0.009,99.1,13.29,0,Stationary
20,10680,356.36,2203.8,797.8,33.057,11.968,0.008,0.03,0.0,120.6,7.66,0,Stationary
20,10740,358.36,2203.3,798.8,33.049,11.982,0.008,0.03,0.0,120.6,7.68,0,Stationary
20,10800,360.36,2204.8,798.8,33.073,11.982,0.012,0.04,0.002,359.0,7.66,0,Stationary
21,11220,374.37,2626.7,1901.0,39.4,28.515,0.009,0.03,0.0,213.1,10.72,0,Stationary
21,11580,386.39,2620.7,1897.1,39.31,28.456,0.009,0.03,0.0,213.1,10.75,0,Stationary
21,13020,434.43,2613.7,1894.9,39.206,28.423,0.002,0.01,-0.0,197.6,10.8,0,Stationary
24,12240,408.41,1064.8,351.7,15.971,5.275,0.0,0.0,0.0,303.8,9.25,0,Stationary
24,13080,436.44,1065.2,351.0,15.978,5.265,0.0,0.0,0.0,303.8,9.26,0,Stationary
24,13140,438.44,1065.5,352.5,15.982,5.287,0.011,0.04,0.005,79.4,9.24,0,Stationary
24,13620,454.45,1065.0,352.2,15.975,5.283,0.001,0.0,-0.001,208.8,9.24,0,Stationary
24,13740,458.46,1066.8,353.2,16.002,5.298,0.008,0.03,0.002,29.2,9.23,0,Stationary
25,17700,590.59,3016.5,1027.1,45.248,15.406,0.02,0.07,0.0,119.4,4.48,0,Stationary
25,17760,592.59,3015.2,1029.4,45.228,15.44,0.02,0.07,0.0,119.4,4.46,0,Stationary
25,17820,594.59,3017.8,1026.6,45.267,15.399,0.028,0.1,0.004,312.8,4.48,0,Stationary
26,17760,592.59,1926.1,1983.3,28.892,29.749,0.01,0.04,0.0,195.8,20.21,0,Stationary
26,17940,598.6,1922.2,1982.2,28.833,29.732,0.01,0.04,0.0,195.8,20.26,0,Stationary
26,18060,602.6,1923.2,1982.0,28.848,29.73,0.004,0.01,-0.002,349.3,20.24,0,Stationary
26,18180,606.61,1925.8,1979.9,28.887,29.698,0.013,0.05,0.002,321.3,20.19,0,Stationary
26,18360,612.61,1925.1,1979.5,28.876,29.693,0.002,0.01,-0.002,203.7,20.2,0,Stationary
26,18420,614.61,1924.9,1981.0,28.874,29.716,0.011,0.04,0.005,95.0,20.21,0,Stationary
29,19380,646.65,2454.5,92.9,36.817,1.394,0.018,0.07,0.0,8.4,2.49,0,Waiting at Curb
29,19440,648.65,2456.9,93.3,36.853,1.4,0.018,0.07,0.0,8.4,2.45,0,Waiting at Curb
29,19500,650.65,2456.3,86.9,36.845,1.303,0.048,0.17,0.015,265.2,2.48,0,Waiting at Curb
33,22200,740.74,2602.7,978.5,39.04,14.677,0.019,0.07,0.0,13.1,7.31,0,Stationary
33,22260,742.74,2605.1,979.0,39.077,14.685,0.019,0.07,0.0,13.1,7.31,0,Stationary
33,22320,744.74,2604.5,980.0,39.067,14.7,0.009,0.03,-0.005,123.6,7.33,0,Stationary
35,23040,768.77,1194.6,1864.6,17.919,27.969,0.042,0.15,0.0,280.4,9.48,0,Stationary
35,23100,770.77,1195.6,1859.1,17.934,27.887,0.042,0.15,0.0,280.4,9.47,0,Stationary
35,23160,772.77,1194.2,1857.1,17.914,27.856,0.018,0.07,-0.012,236.0,9.44,0,Stationary
35,23220,774.77,1194.4,1855.2,17.916,27.827,0.015,0.05,-0.002,275.3,9.43,0,Stationary
35,23460,782.78,1192.7,1846.5,17.891,27.697,0.017,0.06,0.0,259.0,9.36,0,Stationary
35,23700,790.79,1195.9,1847.0,17.939,27.705,0.006,0.02,-0.001,8.8,9.41,0,Stationary
35,23880,796.8,1190.7,1844.2,17.861,27.663,0.015,0.05,0.001,208.1,9.32,0,Stationary
35,24060,802.8,1191.4,1846.0,17.871,27.691,0.005,0.02,-0.002,70.0,9.34,0,Stationary
35,24240,808.81,1192.9,1841.4,17.893,27.621,0.012,0.04,0.001,287.3,9.34,0,Stationary
35,24420,814.81,1190.4,1846.6,17.857,27.699,0.014,0.05,0.0,115.1,9.33,0,Stationary
35,24540,818.82,1191.2,1845.5,17.868,27.683,0.005,0.02,-0.002,305.0,9.33,0,Stationary
35,24600,820.82,1192.6,1847.0,17.888,27.706,0.015,0.06,0.005,47.3,9.36,0,Stationary
35,25500,850.85,1192.8,1849.4,17.892,27.741,0.001,0.0,-0.0,85.1,9.38,0,Stationary
35,25560,852.85,1191.0,1846.3,17.865,27.694,0.027,0.1,0.013,240.7,9.34,0,Stationary
35,25680,856.86,1191.3,1854.0,17.869,27.811,0.029,0.1,0.001,87.9,9.38,0,Stationary
35,25920,864.86,1193.1,1852.1,17.896,27.782,0.005,0.02,-0.003,313.7,9.4,0,Stationary
35,25980,866.87,1192.1,1848.3,17.881,27.724,0.03,0.11,0.013,255.4,9.36,0,Stationary
35,26100,870.87,1194.9,1852.2,17.923,27.783,0.018,0.07,-0.003,54.4,9.42,0,Stationary
35,26160,872.87,1195.7,1856.5,17.936,27.847,0.033,0.12,0.007,79.2,9.46,0,Stationary
35,26220,874.87,1192.0,1851.3,17.88,27.77,0.048,0.17,0.008,234.3,9.38,0,Stationary
35,26520,884.88,1193.9,1860.6,17.909,27.908,0.014,0.05,-0.003,78.1,9.45,0,Stationary
35,26580,886.89,1191.7,1890.4,17.876,28.357,0.224,0.81,0.104,94.3,9.59,0,Stationary
35,27000,900.9,1193.6,1899.4,17.903,28.491,0.01,0.04,-0.015,78.2,9.67,0,Stationary
35,27420,914.91,1190.4,1897.9,17.855,28.468,0.004,0.01,-0.0,205.3,9.61,0,Stationary
35,27840,928.93,1190.5,1903.7,17.858,28.556,0.006,0.02,0.0,88.5,9.65,0,Stationary
35,28020,934.93,1189.0,1905.6,17.835,28.584,0.006,0.02,-0.0,128.9,9.64,0,Stationary
35,28260,942.94,1189.9,1902.5,17.848,28.537,0.006,0.02,0.0,286.0,9.64,0,Stationary
35,28320,944.94,1189.8,1893.8,17.847,28.407,0.065,0.23,0.03,269.6,9.58,0,Stationary
35,28500,950.95,1190.4,1897.6,17.856,28.464,0.01,0.03,-0.009,80.9,9.61,0,Stationary
35,28560,952.95,1189.0,1890.6,17.835,28.359,0.054,0.19,0.022,258.3,9.55,0,Stationary
35,28620,954.95,1190.1,1896.7,17.851,28.45,0.046,0.17,-0.004,79.7,9.6,0,Stationary
35,28920,964.96,1190.3,1896.2,17.855,28.443,0.001,0.0,-0.005,296.7,9.6,0,Stationary
35,30180,1007.01,1191.1,1897.4,17.866,28.461,0.0,0.0,-0.0,57.1,9.62,0,Stationary
35,30240,1009.01,1189.9,1892.9,17.848,28.393,0.035,0.13,0.017,255.3,9.58,0,Stationary
35,30300,1011.01,1190.8,1880.3,17.862,28.204,0.095,0.34,0.03,274.3,9.52,0,Stationary
35,30540,1019.02,1190.2,1896.7,17.853,28.45,0.031,0.11,-0.008,92.3,9.6,0,Stationary
35,30600,1021.02,1189.5,1890.5,17.842,28.357,0.047,0.17,0.008,263.6,9.56,0,Stationary
35,30840,1029.03,1192.2,1894.4,17.883,28.416,0.009,0.03,-0.005,55.3,9.62,0,Stationary
35,31020,1035.03,1190.7,1893.3,17.86,28.399,0.005,0.02,-0.001,215.3,9.59,0,Stationary
35,33300,1111.11,1191.1,1899.7,17.866,28.495,0.001,0.0,-0.0,86.0,9.64,0,Stationary
35,33480,1117.12,1190.9,1896.9,17.864,28.453,0.007,0.02,0.001,266.5,9.62,0,Stationary
35,34560,1153.15,1188.8,1897.0,17.832,28.455,0.001,0.0,-0.0,177.5,9.59,0,Stationary
35,34680,1157.16,1190.3,1895.3,17.854,28.429,0.008,0.03,0.002,310.9,9.6,0,Stationary
35,34740,1159.16,1190.2,1896.0,17.853,28.44,0.005,0.02,-0.002,96.2,9.6,0,Stationary
35,35580,1187.19,1186.4,1881.0,17.796,28.214,0.008,0.03,0.0,255.7,9.46,0,Stationary
35,36000,1201.2,1186.8,1859.5,17.802,27.893,0.023,0.08,0.001,271.1,9.35,0,Stationary
37,25020,834.83,2433.7,187.2,36.505,2.808,0.026,0.09,0.0,177.5,2.52,0,Stationary
37,25080,836.84,2430.1,187.3,36.452,2.81,0.026,0.09,0.0,177.5,2.57,0,Stationary
37,25140,838.84,2433.1,185.6,36.497,2.783,0.026,0.09,-0.0,329.0,2.54,0,Stationary
37,25200,840.84,2429.3,188.9,36.439,2.833,0.038,0.14,0.006,139.2,2.58,0,Stationary
37,25260,842.84,2429.4,186.3,36.441,2.795,0.019,0.07,-0.01,272.9,2.59,0,Stationary
37,25320,844.84,2429.7,189.7,36.446,2.845,0.025,0.09,0.003,84.8,2.57,0,Stationary
38,26160,872.87,2318.6,1327.1,34.779,19.906,0.035,0.13,0.0,239.9,11.97,0,Stationary
38,26220,874.87,2316.2,1323.0,34.743,19.845,0.035,0.13,0.0,239.9,12.0,0,Stationary
38,26340,878.88,2319.6,1328.1,34.794,19.921,0.023,0.08,-0.003,56.2,11.95,0,Stationary
41,27840,928.93,3037.0,1027.1,45.556,15.406,0.01,0.03,0.0,224.7,4.37,0,Stationary
41,27900,930.93,3036.1,1026.2,45.542,15.393,0.01,0.03,0.0,224.7,4.39,0,Stationary
41,27960,932.93,3036.3,1025.7,45.544,15.386,0.004,0.01,-0.003,287.1,4.4,0,Stationary
41,28020,934.93,3036.8,1025.3,45.552,15.38,0.005,0.02,0.001,323.1,4.4,0,Stationary
41,28140,938.94,3031.7,1026.6,45.475,15.4,0.02,0.07,0.004,165.6,4.4,0,Stationary
42,28140,938.94,2134.4,1280.5,32.016,19.207,0.059,0.21,0.0,253.5,13.88,0,Stationary
42,28200,940.94,2132.2,1272.9,31.983,19.094,0.059,0.21,0.0,253.5,13.8,0,Stationary
42,28260,942.94,2133.0,1271.8,31.996,19.077,0.011,0.04,-0.024,308.3,13.78,0,Stationary
42,28320,944.94,2134.0,1280.1,32.01,19.202,0.063,0.23,0.026,83.4,13.88,0,Stationary
42,28500,950.95,2130.3,1270.0,31.955,19.049,0.027,0.1,-0.006,250.3,13.77,0,Stationary
42,28560,952.95,2132.1,1265.9,31.981,18.988,0.033,0.12,0.003,292.9,13.71,0,Stationary
42,28620,954.95,2132.6,1269.3,31.989,19.039,0.026,0.09,-0.004,81.3,13.75,0,Stationary
42,28680,956.96,2126.5,1269.1,31.898,19.036,0.045,0.16,0.01,181.9,13.79,0,Stationary
42,28920,964.96,2133.4,1263.1,32.001,18.947,0.017,0.06,-0.004,319.1,13.66,0,Stationary
42,32460,1083.08,2145.6,1207.9,32.184,18.118,0.007,0.03,-0.0,282.4,12.86,0,Stationary
43,28800,960.96,2307.8,1412.7,34.617,21.191,0.163,0.59,0.0,276.1,12.17,0,Stationary
43,28860,962.96,2310.1,1391.1,34.652,20.866,0.163,0.59,0.0,276.1,12.11,0,Stationary
43,28920,964.96,2311.1,1381.8,34.667,20.727,0.07,0.25,-0.047,276.4,12.09,0,Stationary
45,29340,978.98,631.3,311.9,9.469,4.679,0.015,0.06,0.0,182.5,9.84,0,Stationary
45,29400,980.98,629.2,311.8,9.439,4.677,0.015,0.06,0.0,182.5,9.85,0,Stationary
45,29520,984.98,627.8,315.7,9.418,4.735,0.015,0.06,-0.0,109.9,9.81,0,Stationary
45,29580,986.99,628.3,315.3,9.425,4.729,0.005,0.02,-0.005,321.0,9.81,0,Stationary
45,29640,988.99,627.4,315.4,9.411,4.731,0.007,0.02,0.001,172.7,9.81,0,Stationary
45,29700,990.99,625.4,315.3,9.381,4.73,0.015,0.06,0.004,182.3,9.82,0,Stationary
45,29760,992.99,626.8,315.9,9.402,4.739,0.012,0.04,-0.002,24.0,9.81,0,Stationary
45,29820,994.99,627.6,314.9,9.413,4.723,0.01,0.03,-0.001,305.1,9.82,0,Stationary
45,29880,997.0,627.5,315.8,9.412,4.737,0.007,0.02,-0.001,96.0,9.81,0,Stationary
45,29940,999.0,627.8,317.3,9.418,4.76,0.012,0.04,0.003,76.5,9.78,0,Stationary
45,30000,1001.0,627.4,314.7,9.411,4.72,0.02,0.07,0.004,260.7,9.82,0,Stationary
45,30120,1005.0,629.3,321.7,9.44,4.826,0.027,0.1,0.002,74.9,9.71,0,Stationary
45,30240,1009.01,629.4,315.0,9.441,4.724,0.025,0.09,-0.0,270.9,9.81,0,Stationary
45,30300,1011.01,629.4,315.3,9.442,4.73,0.003,0.01,-0.011,85.4,9.8,0,Stationary
45,30360,1013.01,629.4,314.1,9.442,4.711,0.009,0.03,0.003,269.6,9.82,0,Stationary
45,30420,1015.01,627.5,312.1,9.413,4.682,0.02,0.07,0.006,225.7,9.86,0,Stationary
45,30480,1017.02,627.6,313.4,9.414,4.702,0.01,0.03,-0.005,88.5,9.84,0,Stationary
45,30540,1019.02,627.4,311.8,9.411,4.676,0.013,0.05,0.002,264.1,9.86,0,Stationary
45,30600,1021.02,627.9,309.8,9.418,4.647,0.015,0.05,0.001,283.2,9.89,0,Stationary
45,30720,1025.02,629.1,310.4,9.437,4.655,0.005,0.02,-0.002,24.6,9.88,0,Stationary
45,30780,1027.03,630.9,312.4,9.464,4.686,0.02,0.07,0.008,47.8,9.84,0,Stationary
45,30840,1029.03,630.4,311.0,9.456,4.665,0.011,0.04,-0.005,249.4,9.86,0,Stationary
45,30900,1031.03,630.2,311.0,9.453,4.664,0.002,0.01,-0.005,192.6,9.86,0,Stationary
45,31080,1037.04,629.1,311.1,9.436,4.667,0.003,0.01,0.0,172.5,9.87,0,Stationary
45,31200,1041.04,627.8,309.4,9.417,4.641,0.008,0.03,0.001,232.9,9.9,0,Stationary
45,31260,1043.04,626.6,311.8,9.398,4.677,0.02,0.07,0.006,117.0,9.87,0,Stationary
45,31320,1045.04,624.8,310.1,9.372,4.651,0.019,0.07,-0.001,223.9,9.9,0,Stationary
45,31380,1047.05,625.1,310.6,9.377,4.659,0.005,0.02,-0.007,55.8,9.89,0,Stationary
45,31440,1049.05,623.7,310.6,9.355,4.659,0.011,0.04,0.003,178.7,9.9,0,Stationary
45,31500,1051.05,622.2,315.0,9.334,4.725,0.035,0.12,0.012,108.3,9.84,0,Stationary
45,31560,1053.05,622.2,314.0,9.333,4.71,0.008,0.03,-0.013,267.9,9.86,0,Stationary
45,31620,1055.05,622.8,312.2,9.343,4.683,0.014,0.05,0.003,289.9,9.88,0,Stationary
45,31740,1059.06,623.2,316.1,9.348,4.741,0.015,0.05,0.0,84.4,9.82,0,Stationary
45,31860,1063.06,620.4,318.7,9.306,4.781,0.015,0.05,-0.0,137.6,9.8,0,Stationary
45,31920,1065.06,622.9,313.4,9.343,4.701,0.044,0.16,0.015,295.4,9.86,0,Stationary
45,32040,1069.07,621.9,311.9,9.328,4.679,0.007,0.02,-0.009,235.0,9.89,0,Stationary
45,32100,1071.07,621.6,312.3,9.324,4.684,0.003,0.01,-0.002,129.9,9.89,0,Stationary
45,32160,1073.07,623.3,312.0,9.349,4.68,0.013,0.05,0.005,352.2,9.88,0,Stationary
45,32220,1075.07,623.3,312.0,9.35,4.68,0.0,0.0,-0.006,316.3,9.88,0,Stationary
45,32280,1077.08,623.2,310.7,9.348,4.66,0.01,0.04,0.005,265.5,9.9,0,Stationary
45,32340,1079.08,623.8,309.4,9.358,4.641,0.01,0.04,0.0,297.3,9.92,0,Stationary
45,32400,1081.08,624.2,313.0,9.364,4.695,0.027,0.1,0.008,83.6,9.86,0,Stationary
45,32460,1083.08,625.2,315.5,9.378,4.733,0.02,0.07,-0.003,69.5,9.82,0,Stationary
45,32520,1085.08,624.2,319.3,9.363,4.789,0.029,0.1,0.004,105.0,9.77,0,Stationary
45,32580,1087.09,622.8,316.6,9.342,4.749,0.023,0.08,-0.003,242.2,9.82,0,Stationary
45,32640,1089.09,623.6,318.6,9.354,4.779,0.016,0.06,-0.003,67.9,9.79,0,Stationary
45,32700,1091.09,623.8,318.2,9.357,4.773,0.003,0.01,-0.007,300.8,9.79,0,Stationary
45,32760,1093.09,622.9,319.0,9.344,4.785,0.009,0.03,0.003,140.4,9.79,0,Stationary
45,33540,1119.12,620.8,315.9,9.312,4.739,0.002,0.01,-0.0,235.1,9.84,0,Stationary
45,33600,1121.12,624.0,311.5,9.36,4.672,0.041,0.15,0.02,306.1,9.89,0,Stationary
45,33660,1123.12,624.2,310.8,9.363,4.661,0.006,0.02,-0.018,284.4,9.89,0,Stationary
45,33720,1125.12,623.8,309.2,9.358,4.639,0.012,0.04,0.003,256.9,9.92,0,Stationary
45,33780,1127.13,625.0,309.1,9.375,4.636,0.009,0.03,-0.001,353.2,9.91,0,Stationary
45,33960,1133.13,627.3,310.1,9.409,4.651,0.006,0.02,-0.0,23.2,9.89,0,Stationary
45,34020,1135.13,628.1,310.8,9.422,4.662,0.009,0.03,0.001,40.8,9.87,0,Stationary
45,34080,1137.14,628.6,311.8,9.429,4.677,0.008,0.03,-0.0,66.4,9.86,0,Stationary
45,34140,1139.14,627.3,309.8,9.41,4.648,0.018,0.06,0.005,237.7,9.89,0,Stationary
45,34320,1145.14,626.8,311.7,9.402,4.675,0.005,0.02,-0.002,105.6,9.87,0,Stationary
45,34380,1147.15,627.7,312.8,9.415,4.692,0.011,0.04,0.003,52.9,9.85,0,Stationary
45,34440,1149.15,626.8,315.5,9.402,4.733,0.021,0.08,0.005,107.8,9.81,0,Stationary
45,34500,1151.15,626.8,311.5,9.401,4.672,0.03,0.11,0.004,269.3,9.87,0,Stationary
45,34560,1153.15,625.3,310.7,9.38,4.661,0.012,0.04,-0.009,208.1,9.89,0,Stationary
45,34620,1155.15,626.7,308.3,9.4,4.625,0.021,0.07,0.004,299.3,9.92,0,Stationary
45,34680,1157.16,626.0,314.1,9.39,4.711,0.043,0.15,0.011,96.7,9.84,0,Stationary
45,34740,1159.16,624.5,312.2,9.367,4.683,0.018,0.07,-0.012,230.6,9.87,0,Stationary
45,34800,1161.16,623.4,309.2,9.351,4.638,0.024,0.09,0.003,250.8,9.92,0,Stationary
45,34860,1163.16,623.1,312.8,9.346,4.692,0.027,0.1,0.002,95.7,9.87,0,Stationary
45,34980,1167.17,623.4,314.9,9.351,4.723,0.008,0.03,-0.005,80.6,9.84,0,Stationary
45,35040,1169.17,623.3,315.8,9.35,4.737,0.007,0.02,-0.001,93.8,9.83,0,Stationary
45,35100,1171.17,622.7,315.2,9.34,4.728,0.007,0.02,-0.0,221.0,9.84,0,Stationary
45,35160,1173.17,622.9,313.7,9.344,4.705,0.012,0.04,0.002,280.3,9.86,0,Stationary
45,35220,1175.17,624.0,314.6,9.361,4.72,0.011,0.04,-0.0,41.6,9.84,0,Stationary
45,35280,1177.18,624.7,313.9,9.37,4.709,0.007,0.03,-0.002,312.7,9.85,0,Stationary
45,35340,1179.18,624.4,319.4,9.365,4.792,0.041,0.15,0.017,93.4,9.77,0,Stationary
45,35400,1181.18,624.0,319.3,9.36,4.789,0.003,0.01,-0.019,205.5,9.78,0,Stationary
45,35640,1189.19,625.2,313.7,9.378,4.706,0.011,0.04,0.001,282.6,9.85,0,Stationary
45,35820,1195.19,621.6,310.6,9.324,4.659,0.012,0.04,0.0,220.9,9.91,0,Stationary
45,36000,1201.2,621.7,315.6,9.325,4.734,0.013,0.05,0.0,89.2,9.84,0,Stationary
45,36120,1205.2,624.3,313.3,9.365,4.7,0.013,0.05,0.0,319.4,9.86,0,Stationary
45,36180,1207.21,625.0,312.6,9.375,4.689,0.007,0.03,-0.003,314.1,9.86,0,Stationary
45,36240,1209.21,626.5,316.7,9.398,4.75,0.033,0.12,0.013,69.5,9.8,0,Stationary
45,36360,1213.21,627.8,317.9,9.417,4.769,0.007,0.02,-0.006,43.4,9.78,0,Stationary
45,36420,1215.21,627.9,318.5,9.419,4.778,0.005,0.02,-0.001,76.9,9.77,0,Stationary
45,36540,1219.22,629.1,316.8,9.436,4.752,0.008,0.03,0.001,303.8,9.78,0,Stationary
45,36600,1221.22,627.8,315.0,9.417,4.725,0.017,0.06,0.004,234.4,9.82,0,Stationary
45,36660,1223.22,627.8,318.4,9.416,4.775,0.025,0.09,0.004,90.6,9.77,0,Stationary
45,36720,1225.22,629.1,316.6,9.436,4.749,0.016,0.06,-0.004,307.4,9.79,0,Stationary
45,36780,1227.23,629.2,317.8,9.438,4.767,0.009,0.03,-0.004,82.8,9.77,0,Stationary
45,36840,1229.23,629.7,316.5,9.446,4.748,0.01,0.04,0.001,291.6,9.79,0,Stationary
45,36900,1231.23,629.8,317.8,9.448,4.767,0.01,0.04,-0.0,85.3,9.77,0,Stationary
45,36960,1233.23,630.2,318.6,9.453,4.778,0.006,0.02,-0.002,63.2,9.75,0,Stationary
45,37020,1235.23,630.1,317.8,9.452,4.767,0.006,0.02,-0.0,262.0,9.77,0,Stationary
45,37080,1237.24,629.9,318.1,9.449,4.772,0.003,0.01,-0.002,120.0,9.76,0,Stationary
45,37140,1239.24,629.8,318.1,9.447,4.771,0.001,0.0,-0.001,193.4,9.76,0,Stationary
45,37200,1241.24,629.5,316.9,9.442,4.754,0.009,0.03,0.004,253.2,9.78,0,Stationary
45,37260,1243.24,629.4,316.5,9.44,4.747,0.003,0.01,-0.003,256.7,9.79,0,Stationary
45,37320,1245.24,629.7,316.0,9.445,4.741,0.004,0.01,0.0,304.6,9.79,0,Stationary
45,37380,1247.25,630.0,315.4,9.451,4.73,0.006,0.02,0.001,298.6,9.8,0,Stationary
45,37560,1253.25,632.6,337.6,9.489,5.063,0.056,0.2,0.008,83.5,9.47,0,Stationary
45,37740,1259.26,632.5,313.3,9.487,4.7,0.061,0.22,0.001,269.7,9.82,0,Stationary
45,37800,1261.26,632.5,313.1,9.487,4.697,0.001,0.0,-0.03,261.3,9.82,0,Stationary
45,37860,1263.26,628.1,313.4,9.421,4.701,0.033,0.12,0.016,176.6,9.84,0,Stationary
45,37920,1265.26,629.0,312.2,9.436,4.684,0.011,0.04,-0.011,310.7,9.85,0,Stationary
45,37980,1267.27,633.7,324.2,9.505,4.863,0.096,0.34,0.042,68.8,9.66,0,Stationary
46,29400,980.98,2060.4,693.3,30.906,10.399,0.061,0.22,0.0,139.5,8.77,0,Stationary
46,29460,982.98,2054.2,698.6,30.813,10.479,0.061,0.22,0.0,139.5,8.89,0,Stationary
46,29580,986.99,2052.5,699.5,30.788,10.493,0.007,0.03,-0.013,150.7,8.92,0,Stationary
46,29640,988.99,2048.6,710.3,30.728,10.655,0.086,0.31,0.039,110.1,9.04,0,Stationary
47,29460,982.98,2623.0,1535.3,39.345,23.03,0.009,0.03,0.0,219.3,7.94,0,Stationary
47,29640,988.99,2620.1,1532.9,39.301,22.994,0.009,0.03,0.0,219.3,7.97,0,Stationary
47,29820,994.99,2619.1,1537.9,39.287,23.069,0.013,0.05,0.001,100.5,8.01,0,Stationary
47,29880,997.0,2619.7,1538.1,39.295,23.071,0.004,0.02,-0.004,17.0,8.0,0,Stationary
48,30360,1013.01,3037.0,1026.4,45.555,15.396,0.034,0.12,0.0,284.1,4.38,0,Stationary
48,30420,1015.01,3038.1,1022.0,45.572,15.331,0.034,0.12,0.0,284.1,4.44,0,Stationary
48,30720,1025.02,3039.4,1015.0,45.591,15.224,0.011,0.04,-0.002,280.5,4.53,0,Stationary
49,30780,1027.03,3001.4,2101.8,45.022,31.527,0.045,0.16,0.0,249.6,10.56,0,Stationary
49,30900,1031.03,2997.3,2090.7,44.96,31.36,0.045,0.16,0.0,249.6,10.42,0,Stationary
49,30960,1033.03,3000.3,2097.7,45.005,31.466,0.057,0.21,0.006,66.8,10.51,0,Stationary
49,31020,1035.03,3006.8,2102.9,45.103,31.544,0.062,0.22,0.003,38.5,10.55,0,Stationary
49,31080,1037.04,3006.2,2104.9,45.093,31.573,0.015,0.06,-0.023,107.1,10.58,0,Stationary
50,31020,1035.03,2249.8,1298.2,33.747,19.473,0.096,0.34,0.0,115.1,13.01,0,Stationary
50,31080,1037.04,2244.4,1309.8,33.665,19.647,0.096,0.34,0.0,115.1,13.09,0,Stationary
50,34320,1145.14,2134.0,1571.8,32.01,23.576,0.039,0.14,-0.001,112.8,15.13,0,Stationary
51,31380,1047.05,3030.3,1028.9,45.455,15.433,0.023,0.08,0.0,313.6,4.38,0,Stationary
51,31440,1049.05,3032.5,1026.6,45.487,15.399,0.023,0.08,0.0,313.6,4.4,0,Stationary
51,31500,1051.05,3028.6,1029.1,45.429,15.437,0.034,0.12,0.006,146.8,4.39,0,Stationary
51,31560,1053.05,3030.5,1028.6,45.458,15.428,0.015,0.05,-0.01,343.8,4.38,0,Stationary
51,31620,1055.05,3029.6,1028.5,45.444,15.428,0.007,0.03,-0.004,182.9,4.39,0,Stationary
52,31680,1057.06,1182.1,1849.8,17.732,27.747,0.011,0.04,0.0,285.8,9.23,0,Stationary
52,31740,1059.06,1182.5,1848.3,17.738,27.725,0.011,0.04,0.0,285.8,9.23,0,Stationary
52,31980,1067.07,1183.2,1847.7,17.748,27.715,0.002,0.01,-0.001,316.9,9.23,0,Stationary
55,33180,1107.11,3009.5,2091.9,45.143,31.378,0.003,0.01,0.0,302.5,10.38,0,Stationary
55,33840,1129.13,3012.2,2087.8,45.183,31.316,0.003,0.01,0.0,302.5,10.31,0,Stationary
55,33900,1131.13,3011.6,2090.6,45.173,31.36,0.022,0.08,0.009,102.0,10.36,0,Stationary
55,34440,1149.15,3009.1,2100.5,45.136,31.507,0.008,0.03,-0.001,104.1,10.51,0,Stationary
55,34800,1161.16,3009.3,2098.3,45.139,31.474,0.003,0.01,-0.0,275.1,10.47,0,Stationary
55,34860,1163.16,3008.4,2096.8,45.126,31.452,0.013,0.05,0.005,238.6,10.46,0,Stationary
55,34920,1165.16,3007.4,2098.9,45.111,31.484,0.018,0.06,0.002,114.6,10.49,0,Stationary
55,35160,1173.17,3012.4,2099.2,45.186,31.489,0.009,0.03,-0.001,3.7,10.47,0,Stationary
55,35220,1175.17,3013.0,2100.0,45.195,31.5,0.007,0.03,-0.001,50.9,10.48,0,Stationary
57,33720,1125.12,2623.7,1531.0,39.356,22.964,0.007,0.02,0.0,110.8,7.91,0,Stationary
57,34740,1159.16,2618.4,1545.0,39.276,23.176,0.007,0.02,0.0,110.8,8.06,0,Stationary
57,36300,1211.21,2628.0,1542.1,39.421,23.132,0.003,0.01,-0.0,343.3,7.91,0,Stationary
57,36540,1219.22,2628.5,1537.4,39.427,23.06,0.009,0.03,0.001,275.0,7.87,0,Stationary
57,36600,1221.22,2628.5,1526.4,39.428,22.896,0.082,0.3,0.037,270.5,7.81,0,Stationary
57,36960,1233.23,2630.4,1492.3,39.456,22.384,0.043,0.15,-0.003,273.1,7.62,0,Stationary
61,36360,1213.21,3067.1,2058.4,46.006,30.876,0.021,0.07,0.0,241.9,9.64,0,Stationary
61,36420,1215.21,3065.8,2056.0,45.986,30.84,0.021,0.07,0.0,241.9,9.61,0,Stationary
61,36480,1217.22,3064.7,2061.9,45.971,30.929,0.045,0.16,0.012,99.9,9.7,0,Stationary
61,36540,1219.22,3065.7,2060.1,45.985,30.901,0.015,0.06,-0.015,297.0,9.67,0,Stationary
64,38400,1281.28,1779.3,1763.3,26.689,26.449,0.0,0.0,0.0,153.3,16.78,0,Stationary
64,39300,1311.31,1778.7,1763.5,26.681,26.453,0.0,0.0,0.0,153.3,16.78,0,Stationary
64,39480,1317.32,1778.1,1764.6,26.672,26.468,0.003,0.01,0.0,119.6,16.78,0,Stationary
64,43860,1463.46,1776.6,1762.4,26.649,26.436,0.0,0.0,-0.0,234.1,16.74,0,Stationary
68,39780,1327.33,1214.1,469.8,18.212,7.047,0.011,0.04,0.0,53.7,8.2,0,Stationary
68,39840,1329.33,1215.0,470.9,18.225,7.064,0.011,0.04,0.0,53.7,8.19,0,Stationary
68,39900,1331.33,1210.8,468.2,18.162,7.023,0.038,0.14,0.013,213.4,8.2,0,Stationary
68,39960,1333.33,1212.2,468.3,18.184,7.024,0.011,0.04,-0.013,4.7,8.21,0,Stationary
68,40020,1335.33,1211.3,458.6,18.169,6.879,0.073,0.26,0.031,264.4,8.33,0,Stationary
69,40380,1347.35,3087.1,2146.1,46.307,32.192,0.044,0.16,0.0,92.6,10.84,0,Stationary
69,40440,1349.35,3086.8,2152.0,46.303,32.28,0.044,0.16,0.0,92.6,10.93,0,Stationary
69,40500,1351.35,3085.1,2146.2,46.276,32.193,0.045,0.16,0.001,252.9,10.85,0,Stationary
69,40560,1353.35,3084.1,2148.6,46.262,32.229,0.019,0.07,-0.013,111.3,10.89,0,Stationary
69,40620,1355.35,3079.1,2144.6,46.187,32.169,0.048,0.17,0.014,219.0,10.84,0,Stationary
69,40680,1357.36,3077.9,2151.5,46.169,32.272,0.052,0.19,0.002,100.0,10.95,0,Stationary
69,40860,1363.36,3083.5,2155.2,46.253,32.328,0.017,0.06,-0.006,33.6,10.98,0,Stationary
69,42120,1405.4,3074.1,2104.8,46.112,31.572,0.018,0.07,0.0,259.4,10.28,0,Stationary
70,40920,1365.36,1223.3,438.7,18.35,6.58,0.009,0.03,0.0,218.7,8.68,0,Stationary
70,41100,1371.37,1220.4,436.3,18.306,6.545,0.009,0.03,0.0,218.7,8.69,0,Stationary
70,41160,1373.37,1219.1,436.3,18.286,6.545,0.01,0.04,0.0,181.9,8.69,0,Stationary
70,41220,1375.37,1218.9,437.7,18.284,6.565,0.01,0.04,-0.0,95.2,8.67,0,Stationary
70,41280,1377.38,1217.6,437.4,18.264,6.561,0.01,0.04,0.0,191.4,8.66,0,Stationary
70,41340,1379.38,1217.4,441.3,18.26,6.62,0.03,0.11,0.01,93.2,8.61,0,Stationary
70,41400,1381.38,1220.9,433.9,18.314,6.508,0.062,0.22,0.016,295.7,8.73,0,Stationary
70,41460,1383.38,1212.4,429.0,18.186,6.435,0.074,0.27,0.006,209.7,8.75,0,Stationary
72,41160,1373.37,936.8,334.9,14.053,5.023,0.007,0.02,0.0,102.4,9.07,0,Stationary
72,41220,1375.37,936.6,335.7,14.05,5.036,0.007,0.02,0.0,102.4,9.06,0,Stationary
72,41520,1385.38,937.6,341.5,14.065,5.123,0.009,0.03,0.0,80.3,8.97,0,Stationary
72,41700,1391.39,936.5,344.0,14.048,5.159,0.007,0.02,-0.0,114.0,8.93,0,Stationary
72,42120,1405.4,937.5,341.8,14.063,5.127,0.003,0.01,-0.0,294.4,8.97,0,Stationary
72,42240,1409.41,938.9,343.7,14.083,5.156,0.009,0.03,0.002,55.0,8.94,0,Stationary
72,42360,1413.41,937.9,343.0,14.069,5.145,0.004,0.02,-0.001,218.4,8.95,0,Stationary
72,42660,1423.42,939.2,340.8,14.088,5.112,0.004,0.01,-0.0,300.1,8.99,0,Stationary
72,43860,1463.46,939.3,347.9,14.089,5.218,0.003,0.01,-0.0,89.2,8.88,0,Stationary
72,43980,1467.47,934.1,347.1,14.011,5.206,0.02,0.07,0.004,188.5,8.88,0,Stationary
72,44340,1479.48,936.2,340.5,14.044,5.107,0.009,0.03,-0.001,288.1,8.98,0,Stationary
72,44400,1481.48,939.4,338.6,14.092,5.078,0.028,0.1,0.01,329.1,9.02,0,Stationary
72,44760,1493.49,937.9,341.5,14.068,5.122,0.004,0.01,-0.002,118.2,8.97,0,Stationary
72,44940,1499.5,938.3,342.8,14.074,5.143,0.004,0.01,-0.0,74.7,8.95,0,Stationary
72,45300,1511.51,936.9,340.2,14.053,5.103,0.004,0.01,0.0,242.2,8.99,0,Stationary
72,45660,1523.52,936.8,340.4,14.052,5.106,0.0,0.0,-0.0,112.8,8.99,0,Stationary
72,45720,1525.52,935.8,342.4,14.038,5.136,0.017,0.06,0.008,115.0,8.95,0,Stationary
72,45840,1529.53,938.8,343.2,14.083,5.148,0.012,0.04,-0.001,14.2,8.95,0,Stationary
72,45900,1531.53,938.6,342.2,14.079,5.134,0.007,0.03,-0.002,255.9,8.96,0,Stationary
72,46020,1535.53,938.4,342.5,14.076,5.137,0.001,0.0,-0.001,131.9,8.96,0,Stationary
72,46800,1561.56,937.9,343.5,14.068,5.153,0.001,0.0,-0.0,116.8,8.94,0,Stationary
72,46860,1563.56,937.0,342.7,14.055,5.141,0.009,0.03,0.004,222.1,8.95,0,Stationary
72,46920,1565.56,937.8,343.8,14.067,5.157,0.01,0.04,0.001,53.5,8.94,0,Stationary
72,46980,1567.57,937.5,343.6,14.063,5.154,0.003,0.01,-0.004,221.3,8.94,0,Stationary
72,47160,1573.57,936.6,343.1,14.049,5.146,0.003,0.01,-0.0,208.8,8.95,0,Stationary
72,47400,1581.58,935.0,343.8,14.024,5.157,0.003,0.01,0.0,155.8,8.93,0,Stationary
72,47580,1587.59,935.1,343.4,14.027,5.151,0.001,0.0,-0.0,292.6,8.94,0,Stationary
72,47880,1597.6,935.0,343.5,14.025,5.153,0.0,0.0,-0.0,139.1,8.94,0,Stationary
72,47940,1599.6,934.3,342.1,14.014,5.131,0.012,0.04,0.006,242.7,8.96,0,Stationary
75,44160,1473.47,1190.7,1892.5,17.861,28.388,0.024,0.09,0.0,106.8,9.59,0,Stationary
75,44220,1475.47,1189.8,1895.7,17.846,28.435,0.024,0.09,0.0,106.8,9.59,0,Stationary
75,44280,1477.48,1190.6,1897.7,17.859,28.465,0.016,0.06,-0.004,68.1,9.62,0,Stationary
75,45300,1511.51,1188.5,1891.0,17.827,28.365,0.003,0.01,-0.0,252.7,9.55,0,Stationary
75,45600,1521.52,1190.0,1889.4,17.85,28.342,0.003,0.01,0.0,314.0,9.56,0,Stationary
75,45660,1523.52,1189.7,1875.4,17.845,28.131,0.105,0.38,0.051,268.8,9.48,0,Stationary
75,45720,1525.52,1188.8,1878.3,17.832,28.174,0.022,0.08,-0.041,107.8,9.48,0,Stationary
75,47040,1569.57,1190.3,1890.7,17.855,28.361,0.004,0.02,-0.0,82.9,9.57,0,Stationary
75,47100,1571.57,1190.6,1882.4,17.859,28.236,0.063,0.23,0.029,272.0,9.53,0,Stationary
75,47160,1573.57,1190.2,1894.8,17.853,28.422,0.093,0.34,0.015,92.0,9.59,0,Stationary
75,49200,1641.64,1190.8,1898.1,17.862,28.471,0.001,0.0,-0.001,80.0,9.62,0,Stationary
77,45660,1523.52,1189.1,1851.9,17.837,27.778,0.026,0.09,0.0,280.4,9.34,0,Stationary
77,45780,1527.53,1190.3,1845.1,17.855,27.677,0.026,0.09,0.0,280.4,9.32,0,Stationary
77,45840,1529.53,1190.8,1844.8,17.862,27.672,0.004,0.01,-0.011,327.3,9.33,0,Stationary
77,45900,1531.53,1190.6,1846.8,17.859,27.702,0.015,0.05,0.006,96.0,9.33,0,Stationary
77,45960,1533.53,1190.5,1845.2,17.857,27.678,0.012,0.04,-0.002,265.8,9.32,0,Stationary
77,46020,1535.53,1190.2,1845.1,17.854,27.677,0.002,0.01,-0.005,201.4,9.32,0,Stationary
77,46200,1541.54,1190.4,1843.8,17.856,27.657,0.003,0.01,0.0,277.6,9.31,0,Stationary
77,47160,1573.57,1189.1,1858.4,17.836,27.876,0.007,0.02,0.0,95.4,9.37,0,Stationary
77,47760,1593.59,1186.4,1877.3,17.796,28.16,0.014,0.05,0.0,98.0,9.44,0,Stationary
78,45840,1529.53,2618.4,1551.0,39.276,23.264,0.002,0.01,0.0,114.8,8.09,0,Stationary
78,46200,1541.54,2617.6,1552.7,39.264,23.291,0.002,0.01,0.0,114.8,8.11,0,Stationary
78,47760,1593.59,2615.5,1547.3,39.232,23.21,0.002,0.01,-0.0,248.5,8.11,0,Stationary
78,47880,1597.6,2615.1,1550.4,39.227,23.256,0.012,0.04,0.002,96.6,8.13,0,Stationary
78,47940,1599.6,2616.3,1544.7,39.244,23.17,0.044,0.16,0.016,281.6,8.08,0,Stationary
78,48000,1601.6,2617.5,1545.2,39.262,23.178,0.01,0.04,-0.017,24.7,8.07,0,Stationary
79,46320,1545.54,2382.4,564.7,35.736,8.47,0.012,0.04,0.0,110.7,3.57,0,Stationary
79,46380,1547.55,2381.8,566.2,35.727,8.493,0.012,0.04,0.0,110.7,3.59,0,Stationary
79,47280,1577.58,2376.7,587.5,35.65,8.813,0.011,0.04,-0.0,103.6,3.79,0,Stationary
81,48660,1623.62,1363.7,1657.8,20.456,24.867,0.032,0.12,0.0,78.5,10.8,0,Stationary
81,48720,1625.62,1364.6,1662.0,20.468,24.93,0.032,0.12,0.0,78.5,10.83,0,Stationary
81,48780,1627.63,1364.4,1663.4,20.466,24.951,0.01,0.04,-0.011,95.8,10.83,0,Stationary
81,48840,1629.63,1364.5,1662.4,20.468,24.937,0.007,0.03,-0.002,276.7,10.83,0,Stationary
81,49800,1661.66,1363.9,1664.2,20.459,24.963,0.001,0.0,-0.0,108.9,10.83,0,Stationary
82,48660,1623.62,2326.9,787.0,34.903,11.805,0.013,0.05,0.0,258.3,6.18,0,Stationary
82,48720,1625.62,2326.5,785.3,34.898,11.779,0.013,0.05,0.0,258.3,6.17,0,Stationary
82,48780,1627.63,2326.5,786.5,34.898,11.798,0.009,0.03,-0.002,91.0,6.18,0,Stationary
82,48960,1633.63,2329.7,802.1,34.945,12.032,0.04,0.14,0.005,78.6,6.32,0,Stationary
83,50160,1673.67,41.3,1112.8,0.62,16.691,0.045,0.16,0.0,70.4,3.33,0,Stationary
83,50220,1675.67,43.3,1118.4,0.65,16.776,0.045,0.16,0.0,70.4,3.27,0,Stationary
83,50280,1677.68,43.3,1118.4,0.65,16.775,0.001,0.0,-0.022,288.5,3.27,0,Stationary
83,50340,1679.68,42.1,1116.8,0.631,16.753,0.015,0.05,0.007,230.0,3.3,0,Stationary
83,50400,1681.68,41.2,1118.6,0.619,16.779,0.015,0.05,0.0,115.1,3.3,0,Stationary
