video_id,frame_id,person_id,x1,y1,x2,y2,detector_confidence,backpack,hat,upper_colour,upper_style,lower_colour,lower_style,attribute_confidence
run01,0,1,2929.525390625,2041.46484375,2982.521484375,2152.63232421875,0.5089653730392456,1,0,2,0,1,0,0.9908
run01,60,1,2929.474365234375,2040.5927734375,2982.559326171875,2152.76220703125,0.47152718901634216,1,0,2,0,1,0,0.9908
run01,120,1,2929.8583984375,2039.85986328125,2982.57666015625,2153.18701171875,0.5181466937065125,1,0,2,0,1,0,0.9908
run01,180,1,2929.23974609375,2036.3984375,2983.21337890625,2151.5341796875,0.6367769837379456,1,0,2,0,1,0,0.9908
run01,240,1,2930.4033203125,2040.27001953125,2982.251953125,2151.87890625,0.5888455510139465,1,0,2,0,1,0,0.9908
run01,300,1,2928.63525390625,2040.0693359375,2981.63720703125,2152.2783203125,0.5015679597854614,1,0,2,0,1,0,0.9908
run01,360,1,2930.581298828125,2042.99365234375,2982.891357421875,2152.93896484375,0.598368227481842,1,0,2,0,1,0,0.9908
run01,420,1,2928.695068359375,2038.349609375,2982.307861328125,2152.3642578125,0.5060833692550659,1,0,2,0,1,0,0.9908
run01,480,1,2926.568359375,2043.484619140625,2980.708984375,2153.562255859375,0.5256133079528809,1,0,2,0,1,0,0.9908
run01,540,1,2927.12060546875,2077.77392578125,2979.80224609375,2160.0,0.34417450428009033,1,0,2,0,1,0,0.9908
run01,0,2,2276.00830078125,771.439697265625,2307.04833984375,843.0750732421875,0.44868263602256775,1,0,2,0,1,0,0.9857
run01,60,2,2275.745361328125,765.1281127929688,2306.325439453125,837.9556274414062,0.5223654508590698,1,0,2,0,1,0,0.9857
run01,2880,2,2260.6005859375,714.6830444335938,2316.8447265625,779.4474487304688,0.43433499336242676,1,0,2,0,1,0,0.9857
run01,6120,2,2263.287109375,643.591796875,2298.896484375,718.08203125,0.5183255672454834,1,0,2,0,1,0,0.9857
run01,0,4,1187.2744140625,1555.9658203125,1231.4189453125,1633.74169921875,0.2626795470714569,0,0,3,1,2,0,0.9903
run01,60,4,1187.14599609375,1552.44091796875,1231.35888671875,1632.58740234375,0.23284688591957092,0,0,3,1,2,0,0.9903
run01,360,4,1187.799560546875,1558.17919921875,1231.330810546875,1636.158447265625,0.40585291385650635,0,0,3,1,2,0,0.9903
run01,420,4,1187.575927734375,1556.62890625,1231.585693359375,1633.40283203125,0.21542435884475708,0,0,3,1,2,0,0.9903
run01,480,4,1183.2080078125,1559.1309814453125,1230.7236328125,1637.7913818359375,0.5192016363143921,0,0,3,1,2,0,0.9903
run01,1020,5,1905.98291015625,2078.210693359375,1942.8427734375,2158.644775390625,0.36809054017066956,1,0,2,0,1,0,0.9764
run01,1080,5,1904.18212890625,2079.41015625,1942.1044921875,2156.5048828125,0.3208741843700409,1,0,2,0,1,0,0.9764
run01,1140,5,1906.06640625,2078.69384765625,1940.35595703125,2156.1025390625,0.32726919651031494,1,0,2,0,1,0,0.9764
run01,1380,5,1905.44189453125,2080.423583984375,1943.673828125,2155.354248046875,0.3516882061958313,1,0,2,0,1,0,0.9764
run01,1440,5,1907.907958984375,2080.02685546875,1939.947509765625,2154.904296875,0.2955436706542969,1,0,2,0,1,0,0.9764
run01,1560,5,1905.32861328125,2078.64111328125,1941.2119140625,2156.35888671875,0.21852467954158783,1,0,2,0,1,0,0.9764
run01,2580,5,1904.11669921875,2078.92333984375,1945.1982421875,2156.87451171875,0.28179818391799927,1,0,2,0,1,0,0.9764
run01,2640,5,1907.0302734375,2076.86572265625,1941.925048828125,2157.25537109375,0.2607019543647766,1,0,2,0,1,0,0.9764
run01,3360,5,1905.4765625,2078.3896484375,1943.185791015625,2155.4013671875,0.2549469470977783,1,0,2,0,1,0,0.9764
run01,3420,5,1904.9774169921875,2078.94580078125,1945.2777099609375,2156.78564453125,0.33579161763191223,1,0,2,0,1,0,0.9764
run01,3480,5,1903.758056640625,2077.0166015625,1945.729736328125,2157.8525390625,0.3050619959831238,1,0,2,0,1,0,0.9764
run01,5580,5,1906.3670654296875,2076.8056640625,1940.7427978515625,2156.80517578125,0.25424936413764954,1,0,2,0,1,0,0.9764
run01,5880,5,1904.8155517578125,2079.05712890625,1942.2921142578125,2158.39794921875,0.2810957431793213,1,0,2,0,1,0,0.9764
run01,6240,5,1905.568603515625,2073.84326171875,1943.775146484375,2155.13720703125,0.2451789677143097,1,0,2,0,1,0,0.9764
run01,1260,6,1188.7314453125,1643.3367919921875,1230.087890625,1723.1275634765625,0.4212281107902527,0,0,3,1,2,0,0.9896
run01,1320,6,1188.973876953125,1642.4998779296875,1231.548828125,1721.2078857421875,0.4728604555130005,0,0,3,1,2,0,0.9896
run01,1380,6,1188.884033203125,1644.2060546875,1230.772216796875,1722.087890625,0.40960079431533813,0,0,3,1,2,0,0.9896
run01,1500,6,1188.06396484375,1642.6717529296875,1230.831298828125,1722.6038818359375,0.44722074270248413,0,0,3,1,2,0,0.9896
run01,1620,6,1190.5250244140625,1646.2257080078125,1230.9232177734375,1723.3245849609375,0.2587920129299164,0,0,3,1,2,0,0.9896
run01,1680,6,1187.829833984375,1643.932861328125,1230.060546875,1724.173095703125,0.4544827938079834,0,0,3,1,2,0,0.9896
run01,1740,6,1187.668212890625,1642.6387939453125,1230.867919921875,1722.1055908203125,0.5461787581443787,0,0,3,1,2,0,0.9896
run01,1800,6,1188.6290283203125,1641.907958984375,1232.3250732421875,1720.489501953125,0.3925717771053314,0,0,3,1,2,0,0.9896
run01,1920,6,1188.005615234375,1642.3466796875,1230.962646484375,1721.79736328125,0.39115017652511597,0,0,3,1,2,0,0.9896
run01,1980,6,1188.453369140625,1643.963134765625,1230.450439453125,1723.755126953125,0.4401593506336212,0,0,3,1,2,0,0.9896
run01,2040,6,1188.38720703125,1642.3173828125,1229.92333984375,1723.1669921875,0.4589693248271942,0,0,3,1,2,0,0.9896
run01,2100,6,1187.8304443359375,1645.12353515625,1232.6688232421875,1721.086669921875,0.43876585364341736,0,0,3,1,2,0,0.9896
run01,2160,6,1191.2412109375,1642.04345703125,1238.14453125,1719.9296875,0.371873676776886,0,0,3,1,2,0,0.9896
run01,2220,6,1188.59521484375,1641.564697265625,1232.78662109375,1720.036865234375,0.3239402174949646,0,0,3,1,2,0,0.9896
run01,2340,6,1187.000244140625,1644.1304931640625,1231.872802734375,1722.9222412109375,0.35803401470184326,0,0,3,1,2,0,0.9896
run01,2400,6,1186.043212890625,1643.6011962890625,1231.576416015625,1723.9300537109375,0.45601335167884827,0,0,3,1,2,0,0.9896
run01,2520,6,1189.570068359375,1646.08935546875,1231.332763671875,1724.18310546875,0.2616270184516907,0,0,3,1,2,0,0.9896
run01,2580,6,1189.3817138671875,1644.822998046875,1232.7064208984375,1723.652587890625,0.4101744592189789,0,0,3,1,2,0,0.9896
run01,2640,6,1188.8956298828125,1644.5911865234375,1231.7642822265625,1723.0228271484375,0.35938790440559387,0,0,3,1,2,0,0.9896
run01,2700,6,1188.9097900390625,1644.040771484375,1231.3299560546875,1723.54541015625,0.3154049515724182,0,0,3,1,2,0,0.9896
run01,2760,6,1187.79296875,1644.4300537109375,1230.5166015625,1724.7655029296875,0.3147180676460266,0,0,3,1,2,0,0.9896
run01,2820,6,1187.9619140625,1646.0245361328125,1232.8046875,1725.4937744140625,0.2726084589958191,0,0,3,1,2,0,0.9896
run01,2880,6,1187.45166015625,1644.11181640625,1230.037109375,1723.79736328125,0.4045170247554779,0,0,3,1,2,0,0.9896
run01,2940,6,1188.056640625,1642.582275390625,1231.210693359375,1721.5966796875,0.5010168552398682,0,0,3,1,2,0,0.9896
run01,3000,6,1188.6279296875,1642.679443359375,1231.25,1722.083740234375,0.4506387710571289,0,0,3,1,2,0,0.9896
run01,3060,6,1189.1171875,1642.496337890625,1231.34765625,1720.862548828125,0.3941195011138916,0,0,3,1,2,0,0.9896
run01,3120,6,1188.794189453125,1645.571044921875,1229.875732421875,1724.6455078125,0.37369072437286377,0,0,3,1,2,0,0.9896
run01,3180,6,1188.152587890625,1644.823974609375,1230.805419921875,1724.503173828125,0.3457857668399811,0,0,3,1,2,0,0.9896
run01,3240,6,1186.565673828125,1644.022216796875,1231.214111328125,1724.801025390625,0.4638834595680237,0,0,3,1,2,0,0.9896
run01,3360,6,1190.6641845703125,1645.90380859375,1231.6844482421875,1722.53564453125,0.3071768283843994,0,0,3,1,2,0,0.9896
run01,3420,6,1189.6552734375,1646.7601318359375,1230.44384765625,1723.8118896484375,0.22214536368846893,0,0,3,1,2,0,0.9896
run01,3480,6,1189.776611328125,1643.50830078125,1232.90283203125,1722.94287109375,0.33846187591552734,0,0,3,1,2,0,0.9896
run01,3540,6,1188.79150390625,1643.2550048828125,1231.2568359375,1723.3394775390625,0.3725646138191223,0,0,3,1,2,0,0.9896
run01,3720,6,1191.085693359375,1642.919677734375,1236.935791015625,1719.678955078125,0.2850343883037567,0,0,3,1,2,0,0.9896
run01,3780,6,1188.293212890625,1644.055419921875,1231.641845703125,1721.769287109375,0.49288806319236755,0,0,3,1,2,0,0.9896
run01,3840,6,1187.2294921875,1641.30615234375,1229.71728515625,1720.1884765625,0.34058037400245667,0,0,3,1,2,0,0.9896
run01,3900,6,1188.565673828125,1643.021240234375,1230.784423828125,1722.443603515625,0.36043938994407654,0,0,3,1,2,0,0.9896
run01,3960,6,1188.6597900390625,1642.3232421875,1231.0447998046875,1721.07763671875,0.3383147716522217,0,0,3,1,2,0,0.9896
run01,4020,6,1187.454833984375,1642.630126953125,1230.477294921875,1720.595947265625,0.4452929198741913,0,0,3,1,2,0,0.9896
run01,4140,6,1188.6771240234375,1643.311279296875,1232.6561279296875,1720.463623046875,0.3368619680404663,0,0,3,1,2,0,0.9896
run01,4200,6,1190.89111328125,1643.7529296875,1232.28466796875,1722.0478515625,0.24319523572921753,0,0,3,1,2,0,0.9896
run01,4260,6,1188.2913818359375,1644.087890625,1231.7152099609375,1721.02685546875,0.4399106204509735,0,0,3,1,2,0,0.9896
run01,4380,6,1188.3779296875,1644.852783203125,1230.84912109375,1724.030517578125,0.3336328864097595,0,0,3,1,2,0,0.9896
run01,4440,6,1186.1141357421875,1643.764892578125,1231.6278076171875,1724.957275390625,0.33361876010894775,0,0,3,1,2,0,0.9896
run01,4560,6,1185.781982421875,1649.569580078125,1231.218017578125,1729.311279296875,0.2662641108036041,0,0,3,1,2,0,0.9896
run01,4680,6,1186.0989990234375,1650.091796875,1230.3966064453125,1727.37744140625,0.3243623673915863,0,0,3,1,2,0,0.9896
run01,4800,6,1185.875732421875,1646.4544677734375,1227.464111328125,1726.0992431640625,0.30339011549949646,0,0,3,1,2,0,0.9896
run01,5100,6,1185.005615234375,1649.5029296875,1229.016357421875,1729.94677734375,0.35213738679885864,0,0,3,1,2,0,0.9896
run01,5160,6,1185.9112548828125,1645.8388671875,1232.8934326171875,1723.857421875,0.36137598752975464,0,0,3,1,2,0,0.9896
run01,5580,6,1188.8380126953125,1650.7138671875,1230.9171142578125,1726.803466796875,0.2988266050815582,0,0,3,1,2,0,0.9896
run01,5760,6,1188.745361328125,1651.56591796875,1231.867919921875,1728.91357421875,0.3008984923362732,0,0,3,1,2,0,0.9896
run01,5820,6,1188.7696533203125,1651.84619140625,1231.2779541015625,1729.535400390625,0.2512625753879547,0,0,3,1,2,0,0.9896
run01,5940,6,1185.846435546875,1651.067626953125,1230.550537109375,1726.082763671875,0.28225916624069214,0,0,3,1,2,0,0.9896
run01,6060,6,1189.2596435546875,1645.803955078125,1230.6329345703125,1722.178955078125,0.2524931728839874,0,0,3,1,2,0,0.9896
run01,6120,6,1190.93603515625,1645.311279296875,1234.80029296875,1723.631103515625,0.26473408937454224,0,0,3,1,2,0,0.9896
run01,6180,6,1190.91455078125,1646.7257080078125,1232.39794921875,1723.5028076171875,0.28444230556488037,0,0,3,1,2,0,0.9896
run01,6240,6,1189.41455078125,1643.0341796875,1231.96875,1721.77783203125,0.4371185004711151,0,0,3,1,2,0,0.9896
run01,6300,6,1185.969970703125,1645.5244140625,1229.948486328125,1721.70458984375,0.29304590821266174,0,0,3,1,2,0,0.9896
run01,6360,6,1186.480712890625,1645.6806640625,1232.239013671875,1721.02392578125,0.22846415638923645,0,0,3,1,2,0,0.9896
run01,6420,6,1185.77978515625,1643.3447265625,1229.64697265625,1721.3671875,0.22423681616783142,0,0,3,1,2,0,0.9896
run01,6480,6,1185.7801513671875,1641.9171142578125,1231.4908447265625,1720.5662841796875,0.35780030488967896,0,0,3,1,2,0,0.9896
run01,6540,6,1184.34619140625,1645.01513671875,1230.814697265625,1722.876953125,0.4413853585720062,0,0,3,1,2,0,0.9896
run01,6600,6,1183.957763671875,1645.51025390625,1230.575439453125,1724.991455078125,0.47900256514549255,0,0,3,1,2,0,0.9896
run01,6660,6,1184.014404296875,1645.433349609375,1230.497802734375,1725.709716796875,0.4623318314552307,0,0,3,1,2,0,0.9896
run01,6720,6,1183.662109375,1645.42724609375,1231.74853515625,1724.6962890625,0.4239198863506317,0,0,3,1,2,0,0.9896
run01,6780,6,1186.019287109375,1643.697998046875,1230.350341796875,1721.593017578125,0.2306957244873047,0,0,3,1,2,0,0.9896
run01,6840,6,1185.548583984375,1644.2730712890625,1232.076416015625,1722.3079833984375,0.3949472904205322,0,0,3,1,2,0,0.9896
run01,6900,6,1183.98876953125,1645.230224609375,1229.9306640625,1725.787841796875,0.28415918350219727,0,0,3,1,2,0,0.9896
run01,6960,6,1184.6595458984375,1644.8984375,1230.2647705078125,1724.9931640625,0.3351741135120392,0,0,3,1,2,0,0.9896
run01,7020,6,1185.027587890625,1646.1304931640625,1232.659423828125,1723.7750244140625,0.35600242018699646,0,0,3,1,2,0,0.9896
run01,7080,6,1184.84521484375,1644.655517578125,1230.4052734375,1724.789794921875,0.397453248500824,0,0,3,1,2,0,0.9896
run01,7140,6,1186.0709228515625,1644.8203125,1231.4464111328125,1722.63427734375,0.31621119379997253,0,0,3,1,2,0,0.9896
run01,7200,6,1183.823974609375,1645.7861328125,1231.572998046875,1724.23486328125,0.4629462957382202,0,0,3,1,2,0,0.9896
run01,7260,6,1183.530029296875,1646.4669189453125,1233.332275390625,1726.1968994140625,0.377885103225708,0,0,3,1,2,0,0.9896
run01,7380,6,1183.875244140625,1643.8505859375,1228.105712890625,1724.845703125,0.47075703740119934,0,0,3,1,2,0,0.9896
run01,7680,6,1186.91552734375,1643.523681640625,1231.9677734375,1724.539306640625,0.47441694140434265,0,0,3,1,2,0,0.9896
run01,7740,6,1188.247802734375,1643.4271240234375,1230.556884765625,1722.9727783203125,0.4489070773124695,0,0,3,1,2,0,0.9896
run01,7800,6,1186.973876953125,1643.946533203125,1232.291748046875,1723.266845703125,0.40289542078971863,0,0,3,1,2,0,0.9896
run01,7860,6,1188.13818359375,1644.80712890625,1230.79345703125,1724.64794921875,0.4202221930027008,0,0,3,1,2,0,0.9896
run01,8040,6,1189.6600341796875,1649.67919921875,1230.3377685546875,1725.541015625,0.28405842185020447,0,0,3,1,2,0,0.9896
run01,8160,6,1190.4111328125,1650.43212890625,1231.08203125,1725.716064453125,0.33616501092910767,0,0,3,1,2,0,0.9896
run01,8340,6,1188.59375,1650.303466796875,1231.1201171875,1727.467041015625,0.3204881250858307,0,0,3,1,2,0,0.9896
run01,8400,6,1188.4619140625,1647.4713134765625,1230.66455078125,1727.0809326171875,0.42015019059181213,0,0,3,1,2,0,0.9896
run01,8460,6,1188.39453125,1652.9327392578125,1232.7255859375,1728.9281005859375,0.35101833939552307,0,0,3,1,2,0,0.9896
run01,8520,6,1185.530029296875,1651.92138671875,1233.70263671875,1729.6064453125,0.23947778344154358,0,0,3,1,2,0,0.9896
run01,8760,6,1189.259033203125,1648.6646728515625,1230.343994140625,1726.9576416015625,0.2750133275985718,0,0,3,1,2,0,0.9896
run01,8820,6,1189.922607421875,1647.671142578125,1229.84912109375,1725.245361328125,0.24200427532196045,0,0,3,1,2,0,0.9896
run01,8880,6,1189.4608154296875,1646.062255859375,1228.1990966796875,1725.045654296875,0.2619580626487732,0,0,3,1,2,0,0.9896
run01,8940,6,1188.438232421875,1645.832763671875,1231.886474609375,1725.142822265625,0.28880876302719116,0,0,3,1,2,0,0.9896
run01,9060,6,1190.307861328125,1647.484375,1229.836669921875,1725.3232421875,0.43778908252716064,0,0,3,1,2,0,0.9896
run01,9120,6,1189.5213623046875,1649.2745361328125,1233.3831787109375,1726.8162841796875,0.3365933299064636,0,0,3,1,2,0,0.9896
run01,9180,6,1190.2294921875,1647.6014404296875,1229.2978515625,1725.4464111328125,0.2932880222797394,0,0,3,1,2,0,0.9896
run01,9240,6,1188.2000732421875,1647.0029296875,1231.7567138671875,1725.2099609375,0.22635173797607422,0,0,3,1,2,0,0.9896
run01,9420,6,1187.90478515625,1643.260498046875,1230.949462890625,1721.843017578125,0.41495928168296814,0,0,3,1,2,0,0.9896
run01,9480,6,1186.44775390625,1644.210205078125,1230.3681640625,1724.844482421875,0.4214553236961365,0,0,3,1,2,0,0.9896
run01,9540,6,1187.136474609375,1643.6278076171875,1231.669189453125,1724.8311767578125,0.44555261731147766,0,0,3,1,2,0,0.9896
run01,9600,6,1187.896240234375,1644.808837890625,1230.961181640625,1724.751708984375,0.335500568151474,0,0,3,1,2,0,0.9896
run01,9660,6,1187.78173828125,1644.374267578125,1232.781005859375,1722.073974609375,0.2771226465702057,0,0,3,1,2,0,0.9896
run01,9720,6,1187.8563232421875,1641.61474609375,1230.0599365234375,1721.89013671875,0.3364397883415222,0,0,3,1,2,0,0.9896
run01,9780,6,1188.792236328125,1642.006591796875,1231.129638671875,1721.4638671875,0.32931581139564514,0,0,3,1,2,0,0.9896
run01,9840,6,1187.85302734375,1641.107666015625,1232.77294921875,1720.089111328125,0.4487372934818268,0,0,3,1,2,0,0.9896
run01,9900,6,1189.306884765625,1643.980224609375,1234.885986328125,1721.030029296875,0.33435192704200745,0,0,3,1,2,0,0.9896
run01,9960,6,1191.725341796875,1643.54296875,1234.033935546875,1719.5908203125,0.2926461696624756,0,0,3,1,2,0,0.9896
run01,10020,6,1189.5330810546875,1642.330322265625,1232.5794677734375,1719.803955078125,0.3659442663192749,0,0,3,1,2,0,0.9896
run01,10080,6,1188.420166015625,1640.7822265625,1232.89013671875,1719.811279296875,0.4244048595428467,0,0,3,1,2,0,0.9896
run01,10140,6,1186.90380859375,1640.663330078125,1234.1484375,1718.368408203125,0.3929681181907654,0,0,3,1,2,0,0.9896
run01,10200,6,1187.1834716796875,1642.458740234375,1229.2445068359375,1721.138916015625,0.4114092290401459,0,0,3,1,2,0,0.9896
run01,10260,6,1186.6602783203125,1641.248779296875,1231.1163330078125,1719.519775390625,0.3254470229148865,0,0,3,1,2,0,0.9896
run01,10320,6,1187.769287109375,1639.545654296875,1232.537841796875,1715.833251953125,0.23744936287403107,0,0,3,1,2,0,0.9896
run01,10380,6,1186.086669921875,1638.551513671875,1231.010498046875,1716.440673828125,0.31973597407341003,0,0,3,1,2,0,0.9896
run01,10440,6,1187.673095703125,1639.934326171875,1233.755126953125,1716.748779296875,0.2701718211174011,0,0,3,1,2,0,0.9896
run01,10500,6,1186.205078125,1638.947509765625,1232.84814453125,1715.646728515625,0.28483468294143677,0,0,3,1,2,0,0.9896
run01,10560,6,1186.2410888671875,1640.551025390625,1236.3702392578125,1716.584716796875,0.25255319476127625,0,0,3,1,2,0,0.9896
run01,10680,6,1187.178466796875,1641.5478515625,1229.913818359375,1719.74267578125,0.3435559570789337,0,0,3,1,2,0,0.9896
run01,10740,6,1187.1285400390625,1641.922119140625,1229.9090576171875,1720.50830078125,0.30491772294044495,0,0,3,1,2,0,0.9896
run01,10800,6,1189.649169921875,1640.5107421875,1232.036865234375,1719.311767578125,0.402866393327713,0,0,3,1,2,0,0.9896
run01,10860,6,1190.014892578125,1643.193359375,1231.351806640625,1720.449951171875,0.36694103479385376,0,0,3,1,2,0,0.9896
run01,10980,6,1188.46240234375,1640.92138671875,1230.291015625,1720.67138671875,0.35180822014808655,0,0,3,1,2,0,0.9896
run01,11040,6,1188.696533203125,1643.0692138671875,1232.668212890625,1720.8812255859375,0.3195100426673889,0,0,3,1,2,0,0.9896
run01,11100,6,1188.99658203125,1641.54833984375,1234.38134765625,1720.301513671875,0.3259504437446594,0,0,3,1,2,0,0.9896
run01,11160,6,1188.6322021484375,1640.515869140625,1231.8670654296875,1718.978759765625,0.3117353320121765,0,0,3,1,2,0,0.9896
run01,11220,6,1191.318603515625,1641.62744140625,1235.032958984375,1718.76123046875,0.3229557275772095,0,0,3,1,2,0,0.9896
run01,11280,6,1190.888427734375,1641.284423828125,1234.47900390625,1716.734130859375,0.25329479575157166,0,0,3,1,2,0,0.9896
run01,11340,6,1189.3282470703125,1642.557861328125,1234.5645751953125,1715.839599609375,0.3262680172920227,0,0,3,1,2,0,0.9896
run01,11400,6,1187.651123046875,1641.409423828125,1229.526611328125,1717.915771484375,0.3721669912338257,0,0,3,1,2,0,0.9896
run01,11460,6,1189.861328125,1640.6617431640625,1233.15673828125,1716.3172607421875,0.43862295150756836,0,0,3,1,2,0,0.9896
run01,11520,6,1188.6536865234375,1642.1005859375,1231.6309814453125,1717.32666015625,0.3764688968658447,0,0,3,1,2,0,0.9896
run01,11580,6,1187.085205078125,1642.2301025390625,1230.198974609375,1718.9063720703125,0.39203941822052,0,0,3,1,2,0,0.9896
run01,11640,6,1187.2103271484375,1641.8406982421875,1229.8660888671875,1719.6912841796875,0.31591445207595825,0,0,3,1,2,0,0.9896
run01,11700,6,1186.9466552734375,1643.73974609375,1230.3270263671875,1720.70947265625,0.3775799870491028,0,0,3,1,2,0,0.9896
run01,11760,6,1187.607177734375,1645.44970703125,1233.03857421875,1721.236572265625,0.292391300201416,0,0,3,1,2,0,0.9896
run01,11820,6,1186.8912353515625,1642.5692138671875,1232.0189208984375,1725.2122802734375,0.3911125957965851,0,0,3,1,2,0,0.9896
run01,11880,6,1185.072021484375,1646.053466796875,1231.237060546875,1722.511962890625,0.32869264483451843,0,0,3,1,2,0,0.9896
run01,11940,6,1187.320068359375,1644.369384765625,1231.098388671875,1721.378662109375,0.26154011487960815,0,0,3,1,2,0,0.9896
run01,12000,6,1186.9853515625,1642.529052734375,1231.552734375,1721.129150390625,0.4200083017349243,0,0,3,1,2,0,0.9896
run01,12060,6,1187.2811279296875,1643.35498046875,1231.2545166015625,1721.208984375,0.250712513923645,0,0,3,1,2,0,0.9896
run01,12120,6,1186.37841796875,1643.107177734375,1231.9599609375,1721.698974609375,0.4667535126209259,0,0,3,1,2,0,0.9896
run01,12180,6,1185.186279296875,1643.243408203125,1229.013916015625,1721.289306640625,0.39051732420921326,0,0,3,1,2,0,0.9896
run01,12240,6,1186.457763671875,1645.296630859375,1231.702392578125,1722.8271484375,0.30118483304977417,0,0,3,1,2,0,0.9896
run01,12300,6,1186.310302734375,1642.47216796875,1231.792236328125,1721.53369140625,0.5454550385475159,0,0,3,1,2,0,0.9896
run01,12360,6,1184.349853515625,1643.6180419921875,1227.090087890625,1720.1600341796875,0.38442462682724,0,0,3,1,2,0,0.9896
run01,12480,6,1184.77734375,1642.784912109375,1227.71484375,1718.712890625,0.35242486000061035,0,0,3,1,2,0,0.9896
run01,12540,6,1182.4168701171875,1642.3887939453125,1228.3238525390625,1721.1019287109375,0.3744891285896301,0,0,3,1,2,0,0.9896
run01,12600,6,1183.58642578125,1643.583740234375,1226.927734375,1722.264892578125,0.2777848243713379,0,0,3,1,2,0,0.9896
run01,13020,6,1183.667236328125,1638.350341796875,1229.054931640625,1717.58349609375,0.290961354970932,0,0,3,1,2,0,0.9896
run01,13080,6,1185.275390625,1642.206298828125,1227.4697265625,1717.617431640625,0.2659708559513092,0,0,3,1,2,0,0.9896
run01,13140,6,1183.5440673828125,1638.9814453125,1227.8656005859375,1717.0888671875,0.28238794207572937,0,0,3,1,2,0,0.9896
run01,13200,6,1184.4393310546875,1640.77001953125,1230.0052490234375,1718.02197265625,0.32264652848243713,0,0,3,1,2,0,0.9896
run01,13320,6,1185.7535400390625,1642.164306640625,1229.7764892578125,1718.012939453125,0.24693648517131805,0,0,3,1,2,0,0.9896
run01,13380,6,1184.833984375,1642.0164794921875,1227.68408203125,1720.1805419921875,0.28857725858688354,0,0,3,1,2,0,0.9896
run01,13440,6,1184.80859375,1642.81640625,1230.421630859375,1719.568359375,0.2786693274974823,0,0,3,1,2,0,0.9896
run01,13500,6,1186.004150390625,1642.24755859375,1229.678466796875,1719.33984375,0.2995625138282776,0,0,3,1,2,0,0.9896
run01,13560,6,1184.4072265625,1642.324462890625,1229.5927734375,1719.481689453125,0.3369143009185791,0,0,3,1,2,0,0.9896
run01,13620,6,1181.84033203125,1643.95947265625,1231.20361328125,1722.88427734375,0.39701443910598755,0,0,3,1,2,0,0.9896
run01,13680,6,1183.0947265625,1643.0400390625,1230.396240234375,1721.48876953125,0.3827935457229614,0,0,3,1,2,0,0.9896
run01,13740,6,1181.92041015625,1642.2900390625,1229.59228515625,1719.982421875,0.4428583085536957,0,0,3,1,2,0,0.9896
run01,13800,6,1184.169921875,1642.708251953125,1227.18798828125,1719.109619140625,0.22557196021080017,0,0,3,1,2,0,0.9896
run01,14040,6,1182.90283203125,1642.14697265625,1229.90234375,1719.09619140625,0.2808866500854492,0,0,3,1,2,0,0.9896
run01,14100,6,1183.08642578125,1643.379150390625,1230.8310546875,1721.875244140625,0.2909392714500427,0,0,3,1,2,0,0.9896
run01,14160,6,1181.0736083984375,1642.368896484375,1229.1878662109375,1720.167236328125,0.37208613753318787,0,0,3,1,2,0,0.9896
run01,14220,6,1181.401123046875,1642.9061279296875,1230.726318359375,1719.5941162109375,0.4766632616519928,0,0,3,1,2,0,0.9896
run01,14340,6,1182.357421875,1644.069580078125,1228.6123046875,1721.477294921875,0.22885394096374512,0,0,3,1,2,0,0.9896
run01,14400,6,1182.4912109375,1643.429443359375,1229.97021484375,1720.978271484375,0.37783128023147583,0,0,3,1,2,0,0.9896
run01,14520,6,1182.70556640625,1643.28955078125,1231.826171875,1721.9326171875,0.28450462222099304,0,0,3,1,2,0,0.9896
run01,14580,6,1181.190673828125,1643.5850830078125,1230.494384765625,1722.1871337890625,0.22780708968639374,0,0,3,1,2,0,0.9896
run01,14760,6,1181.10693359375,1643.274658203125,1230.490234375,1720.570556640625,0.2643361985683441,0,0,3,1,2,0,0.9896
run01,14820,6,1181.0196533203125,1642.843017578125,1230.6024169921875,1720.597412109375,0.24847730994224548,0,0,3,1,2,0,0.9896
run01,15180,6,1181.732666015625,1643.573974609375,1229.16259765625,1722.653564453125,0.23020973801612854,0,0,3,1,2,0,0.9896
run01,16620,6,1183.875244140625,1642.56005859375,1227.817626953125,1719.19775390625,0.27845531702041626,0,0,3,1,2,0,0.9896
run01,17160,6,1182.772216796875,1639.9298095703125,1228.093017578125,1715.8406982421875,0.24148468673229218,0,0,3,1,2,0,0.9896
run01,17280,6,1181.357421875,1637.092529296875,1229.36279296875,1715.384521484375,0.2712855637073517,0,0,3,1,2,0,0.9896
run01,17400,6,1178.923095703125,1637.326904296875,1228.920166015625,1716.206787109375,0.2453179508447647,0,0,3,1,2,0,0.9896
run01,17460,6,1181.0950927734375,1638.348388671875,1227.4735107421875,1715.825439453125,0.2754212021827698,0,0,3,1,2,0,0.9896
run01,17640,6,1182.19580078125,1637.5382080078125,1230.214111328125,1712.6920166015625,0.29068347811698914,0,0,3,1,2,0,0.9896
run01,17700,6,1179.7041015625,1639.613525390625,1227.509033203125,1714.623779296875,0.26443395018577576,0,0,3,1,2,0,0.9896
run01,17760,6,1180.0408935546875,1638.24853515625,1227.9334716796875,1714.8974609375,0.22783415019512177,0,0,3,1,2,0,0.9896
run01,17880,6,1181.1981201171875,1638.4404296875,1227.7254638671875,1714.79443359375,0.2426789104938507,0,0,3,1,2,0,0.9896
run01,18000,6,1179.40869140625,1638.88623046875,1227.60693359375,1718.1142578125,0.2326764017343521,0,0,3,1,2,0,0.9896
run01,18060,6,1177.67822265625,1638.4617919921875,1231.567138671875,1718.3084716796875,0.25497105717658997,0,0,3,1,2,0,0.9896
run01,18120,6,1179.30712890625,1638.2255859375,1229.96435546875,1718.17529296875,0.22411216795444489,0,0,3,1,2,0,0.9896
run01,18180,6,1180.42578125,1639.3406982421875,1228.0517578125,1716.0513916015625,0.26584669947624207,0,0,3,1,2,0,0.9896
run01,18240,6,1178.57373046875,1639.91796875,1229.789306640625,1715.56201171875,0.33464035391807556,0,0,3,1,2,0,0.9896
run01,18300,6,1178.8212890625,1637.728271484375,1228.91357421875,1715.58447265625,0.298338383436203,0,0,3,1,2,0,0.9896
run01,18360,6,1180.38525390625,1639.1759033203125,1227.92724609375,1714.8970947265625,0.2354700118303299,0,0,3,1,2,0,0.9896
run01,18480,6,1181.59912109375,1640.18798828125,1231.1181640625,1716.4638671875,0.3262884318828583,0,0,3,1,2,0,0.9896
run01,18600,6,1182.7578125,1639.246337890625,1232.174560546875,1716.652587890625,0.32223135232925415,0,0,3,1,2,0,0.9896
run01,18900,6,1180.3580322265625,1639.816162109375,1230.4805908203125,1716.721435546875,0.28104135394096375,0,0,3,1,2,0,0.9896
run01,18960,6,1181.7763671875,1639.822998046875,1230.87060546875,1718.014404296875,0.4045857787132263,0,0,3,1,2,0,0.9896
run01,19020,6,1180.98388671875,1639.57373046875,1231.322998046875,1717.35400390625,0.3362835645675659,0,0,3,1,2,0,0.9896
run01,19080,6,1182.630126953125,1637.777099609375,1230.478759765625,1715.585205078125,0.2261149138212204,0,0,3,1,2,0,0.9896
run01,19140,6,1182.193603515625,1639.3941650390625,1230.383544921875,1717.8548583984375,0.31892073154449463,0,0,3,1,2,0,0.9896
run01,19200,6,1181.830810546875,1639.412841796875,1230.532470703125,1716.845458984375,0.35661235451698303,0,0,3,1,2,0,0.9896
run01,19380,6,1179.384765625,1642.7879638671875,1229.98828125,1718.3197021484375,0.24805673956871033,0,0,3,1,2,0,0.9896
run01,19500,6,1179.2952880859375,1643.38232421875,1233.5655517578125,1720.07373046875,0.3070511817932129,0,0,3,1,2,0,0.9896
run01,19980,6,1183.214599609375,1638.395263671875,1231.191162109375,1714.898681640625,0.30157655477523804,0,0,3,1,2,0,0.9896
run01,20040,6,1183.3775634765625,1639.817138671875,1230.1798095703125,1716.499755859375,0.3557542860507965,0,0,3,1,2,0,0.9896
run01,20100,6,1183.198974609375,1641.610595703125,1228.765869140625,1717.296142578125,0.35642725229263306,0,0,3,1,2,0,0.9896
run01,20160,6,1183.335693359375,1638.4737548828125,1229.993408203125,1717.2093505859375,0.41047847270965576,0,0,3,1,2,0,0.9896
run01,20280,6,1181.97802734375,1639.609619140625,1231.17578125,1717.301513671875,0.46025678515434265,0,0,3,1,2,0,0.9896
run01,20340,6,1181.2249755859375,1640.6474609375,1226.1778564453125,1717.6162109375,0.28798404335975647,0,0,3,1,2,0,0.9896
run01,20400,6,1181.9356689453125,1640.64404296875,1227.9063720703125,1716.82763671875,0.25641724467277527,0,0,3,1,2,0,0.9896
run01,20460,6,1178.324462890625,1639.0595703125,1229.321533203125,1715.869384765625,0.27502328157424927,0,0,3,1,2,0,0.9896
run01,20520,6,1179.361083984375,1637.8388671875,1232.708740234375,1717.560546875,0.2436748445034027,0,0,3,1,2,0,0.9896
run01,20580,6,1178.630615234375,1637.1456298828125,1233.509033203125,1717.4410400390625,0.2680058479309082,0,0,3,1,2,0,0.9896
run01,20820,6,1178.637939453125,1633.2803955078125,1229.306884765625,1711.5684814453125,0.246095210313797,0,0,3,1,2,0,0.9896
run01,20880,6,1178.54443359375,1634.918701171875,1228.84716796875,1714.002197265625,0.2166176736354828,0,0,3,1,2,0,0.9896
run01,20940,6,1178.635009765625,1636.87939453125,1227.635986328125,1715.12939453125,0.34639352560043335,0,0,3,1,2,0,0.9896
run01,21180,6,1179.19970703125,1632.50390625,1228.0869140625,1711.8564453125,0.3807353377342224,0,0,3,1,2,0,0.9896
run01,21240,6,1178.7353515625,1632.619384765625,1229.393798828125,1711.6640625,0.29003292322158813,0,0,3,1,2,0,0.9896
run01,21420,6,1179.5784912109375,1633.33740234375,1232.9893798828125,1711.05029296875,0.24441172182559967,0,0,3,1,2,0,0.9896
run01,21480,6,1179.663330078125,1633.493408203125,1232.166259765625,1711.312744140625,0.30255645513534546,0,0,3,1,2,0,0.9896
run01,21600,6,1180.7808837890625,1635.4072265625,1230.6612548828125,1713.6025390625,0.25205886363983154,0,0,3,1,2,0,0.9896
run01,21660,6,1180.790283203125,1635.457763671875,1231.268310546875,1713.242431640625,0.253140926361084,0,0,3,1,2,0,0.9896
run01,21720,6,1183.2760009765625,1632.206298828125,1229.5401611328125,1710.6875,0.32068198919296265,0,0,3,1,2,0,0.9896
run01,21780,6,1183.11279296875,1632.6976318359375,1232.03515625,1710.1749267578125,0.24232082068920135,0,0,3,1,2,0,0.9896
run01,21840,6,1180.3140869140625,1634.100830078125,1228.0826416015625,1711.591552734375,0.32323476672172546,0,0,3,1,2,0,0.9896
run01,21900,6,1180.0391845703125,1635.36474609375,1228.0777587890625,1713.43994140625,0.32960769534111023,0,0,3,1,2,0,0.9896
run01,21960,6,1181.94580078125,1636.446533203125,1233.14697265625,1713.952392578125,0.2874943017959595,0,0,3,1,2,0,0.9896
run01,22080,6,1182.751953125,1635.24365234375,1228.497314453125,1713.51708984375,0.5069798231124878,0,0,3,1,2,0,0.9896
run01,22140,6,1182.033447265625,1635.4903564453125,1231.136474609375,1713.1934814453125,0.3436545133590698,0,0,3,1,2,0,0.9896
run01,22200,6,1181.504150390625,1636.4024658203125,1227.287353515625,1712.0567626953125,0.38885894417762756,0,0,3,1,2,0,0.9896
run01,22260,6,1180.3382568359375,1635.6005859375,1226.5281982421875,1714.70166015625,0.37863102555274963,0,0,3,1,2,0,0.9896
run01,22320,6,1180.32568359375,1634.2421875,1227.1953125,1714.126953125,0.3133831322193146,0,0,3,1,2,0,0.9896
run01,22620,6,1178.4384765625,1633.1650390625,1226.114501953125,1711.64892578125,0.29514026641845703,0,0,3,1,2,0,0.9896
run01,22800,6,1179.887939453125,1636.869140625,1226.934326171875,1715.326416015625,0.26871323585510254,0,0,3,1,2,0,0.9896
run01,22860,6,1180.5736083984375,1636.485107421875,1227.2528076171875,1714.382568359375,0.2513029873371124,0,0,3,1,2,0,0.9896
run01,22920,6,1180.8330078125,1635.7208251953125,1229.3583984375,1713.0006103515625,0.23355114459991455,0,0,3,1,2,0,0.9896
run01,22980,6,1181.748779296875,1639.137939453125,1228.310302734375,1712.864501953125,0.2791770398616791,0,0,3,1,2,0,0.9896
run01,23040,6,1179.1553955078125,1638.4654541015625,1231.8316650390625,1714.2945556640625,0.2686450183391571,0,0,3,1,2,0,0.9896
run01,23100,6,1178.889404296875,1640.014892578125,1231.887939453125,1716.365478515625,0.3127508759498596,0,0,3,1,2,0,0.9896
run01,23280,6,1178.666259765625,1637.991943359375,1231.552490234375,1714.277099609375,0.28945624828338623,0,0,3,1,2,0,0.9896
run01,23340,6,1174.90673828125,1634.067626953125,1226.58447265625,1715.245849609375,0.2831004858016968,0,0,3,1,2,0,0.9896
run01,24300,6,1178.0604248046875,1627.62939453125,1226.0604248046875,1705.5634765625,0.3230302929878235,0,0,3,1,2,0,0.9896
run01,1320,7,1186.083740234375,1801.8272705078125,1220.46875,1865.0352783203125,0.35426852107048035,1,0,2,0,1,0,0.9567
run01,1440,7,1185.50146484375,1803.7235107421875,1222.36474609375,1868.9185791015625,0.24111171066761017,1,0,2,0,1,0,0.9567
run01,1500,7,1185.8863525390625,1803.6324462890625,1219.6075439453125,1866.2115478515625,0.31623151898384094,1,0,2,0,1,0,0.9567
run01,1620,7,1184.7890625,1805.5362548828125,1221.46484375,1871.7623291015625,0.27221256494522095,1,0,2,0,1,0,0.9567
run01,1680,7,1186.03173828125,1803.704345703125,1219.38427734375,1866.8017578125,0.31183311343193054,1,0,2,0,1,0,0.9567
run01,1740,7,1185.3681640625,1801.99462890625,1219.57177734375,1868.205810546875,0.3260136544704437,1,0,2,0,1,0,0.9567
run01,1800,7,1186.0592041015625,1796.2816162109375,1221.8841552734375,1862.7066650390625,0.29621070623397827,1,0,2,0,1,0,0.9567
run01,1860,7,1184.908935546875,1800.869140625,1219.672119140625,1866.18994140625,0.26790571212768555,1,0,2,0,1,0,0.9567
run01,1920,7,1185.554931640625,1802.439697265625,1217.596435546875,1865.479248046875,0.3493872582912445,1,0,2,0,1,0,0.9567
run01,1980,7,1186.6387939453125,1803.61083984375,1219.2996826171875,1865.44384765625,0.24946054816246033,1,0,2,0,1,0,0.9567
run01,2040,7,1186.1968994140625,1804.716796875,1218.1580810546875,1865.91796875,0.36405816674232483,1,0,2,0,1,0,0.9567
run01,2100,7,1186.873291015625,1802.190673828125,1221.862060546875,1863.8251953125,0.2616264820098877,1,0,2,0,1,0,0.9567
run01,2160,7,1187.418701171875,1796.80078125,1222.258544921875,1863.8798828125,0.37412959337234497,1,0,2,0,1,0,0.9567
run01,2220,7,1186.849853515625,1798.07861328125,1220.189697265625,1868.82470703125,0.37016746401786804,1,0,2,0,1,0,0.9567
run01,2280,7,1186.047607421875,1796.58642578125,1220.001220703125,1869.47216796875,0.3923511803150177,1,0,2,0,1,0,0.9567
run01,2460,7,1185.363037109375,1807.74462890625,1221.357666015625,1869.6943359375,0.25746986269950867,1,0,2,0,1,0,0.9567
run01,2520,7,1185.6778564453125,1804.87744140625,1220.5443115234375,1868.5361328125,0.29641270637512207,1,0,2,0,1,0,0.9567
run01,2580,7,1187.656005859375,1797.901123046875,1223.74951171875,1872.13818359375,0.31664133071899414,1,0,2,0,1,0,0.9567
run01,2640,7,1185.904541015625,1801.4351806640625,1224.082275390625,1871.5106201171875,0.2437383383512497,1,0,2,0,1,0,0.9567
run01,2700,7,1186.121826171875,1801.8868408203125,1223.870361328125,1872.4442138671875,0.3083694279193878,1,0,2,0,1,0,0.9567
run01,2760,7,1186.76904296875,1805.675537109375,1217.09130859375,1864.820556640625,0.31873777508735657,1,0,2,0,1,0,0.9567
run01,2820,7,1186.4752197265625,1806.7734375,1219.2550048828125,1865.2646484375,0.3099994361400604,1,0,2,0,1,0,0.9567
run01,2880,7,1185.784423828125,1805.8358154296875,1216.07958984375,1865.5975341796875,0.3889072835445404,1,0,2,0,1,0,0.9567
run01,2940,7,1186.2586669921875,1801.7440185546875,1220.3238525390625,1863.9276123046875,0.303108811378479,1,0,2,0,1,0,0.9567
run01,3000,7,1185.7598876953125,1803.2064208984375,1218.7989501953125,1866.7882080078125,0.3391575217247009,1,0,2,0,1,0,0.9567
run01,3060,7,1185.915283203125,1800.302490234375,1219.730712890625,1866.065673828125,0.340808242559433,1,0,2,0,1,0,0.9567
run01,3120,7,1186.03076171875,1804.495849609375,1219.3369140625,1868.244384765625,0.4320589601993561,1,0,2,0,1,0,0.9567
run01,3180,7,1186.57421875,1805.3740234375,1219.06982421875,1866.51220703125,0.31626397371292114,1,0,2,0,1,0,0.9567
run01,3240,7,1187.191162109375,1799.89697265625,1218.633544921875,1866.711669921875,0.28147372603416443,1,0,2,0,1,0,0.9567
run01,3360,7,1185.93896484375,1802.61572265625,1220.935302734375,1870.07177734375,0.32301265001296997,1,0,2,0,1,0,0.9567
run01,3420,7,1186.442138671875,1803.531005859375,1221.041748046875,1869.628173828125,0.22759941220283508,1,0,2,0,1,0,0.9567
run01,3540,7,1185.6348876953125,1803.99365234375,1218.9595947265625,1867.00537109375,0.3380591571331024,1,0,2,0,1,0,0.9567
run01,3600,7,1185.32373046875,1801.41064453125,1217.66015625,1864.6767578125,0.25947147607803345,1,0,2,0,1,0,0.9567
run01,3660,7,1186.567138671875,1800.317138671875,1223.500244140625,1873.401123046875,0.4285639524459839,1,0,2,0,1,0,0.9567
run01,3720,7,1188.466064453125,1799.481201171875,1222.412353515625,1862.436279296875,0.4479037821292877,1,0,2,0,1,0,0.9567
run01,3780,7,1185.01806640625,1802.2225341796875,1220.995361328125,1870.0892333984375,0.28134405612945557,1,0,2,0,1,0,0.9567
run01,3840,7,1185.212158203125,1794.41162109375,1220.985595703125,1867.671875,0.2682991921901703,1,0,2,0,1,0,0.9567
run01,3900,7,1185.49560546875,1803.9173583984375,1220.14990234375,1868.3734130859375,0.28762125968933105,1,0,2,0,1,0,0.9567
run01,3960,7,1185.8255615234375,1798.016357421875,1220.5762939453125,1866.143798828125,0.30502820014953613,1,0,2,0,1,0,0.9567
run01,4020,7,1185.65185546875,1798.037109375,1222.4541015625,1864.51708984375,0.24781253933906555,1,0,2,0,1,0,0.9567
run01,4080,7,1189.0079345703125,1803.57861328125,1221.9803466796875,1868.2373046875,0.40976864099502563,1,0,2,0,1,0,0.9567
run01,6120,7,1189.8858642578125,1804.588623046875,1222.7530517578125,1865.40625,0.3453241288661957,1,0,2,0,1,0,0.9567
run01,6180,7,1187.6849365234375,1803.04541015625,1224.2198486328125,1869.68896484375,0.29358941316604614,1,0,2,0,1,0,0.9567
run01,7920,7,1185.38916015625,1806.2353515625,1223.302001953125,1871.36181640625,0.3275872766971588,1,0,2,0,1,0,0.9567
run01,7980,7,1186.1728515625,1808.3125,1220.20068359375,1867.04052734375,0.2988504469394684,1,0,2,0,1,0,0.9567
run01,8100,7,1186.660400390625,1807.2679443359375,1222.737548828125,1869.1290283203125,0.2521105408668518,1,0,2,0,1,0,0.9567
run01,8340,7,1186.9794921875,1809.073486328125,1219.287109375,1868.443115234375,0.22748321294784546,1,0,2,0,1,0,0.9567
run01,8400,7,1186.28955078125,1808.7454833984375,1219.44580078125,1869.4525146484375,0.2817375659942627,1,0,2,0,1,0,0.9567
run01,8940,7,1186.3780517578125,1805.701904296875,1219.1478271484375,1867.182861328125,0.2826990783214569,1,0,2,0,1,0,0.9567
run01,9000,7,1186.110107421875,1803.54541015625,1221.316162109375,1869.9140625,0.28014814853668213,1,0,2,0,1,0,0.9567
run01,9060,7,1187.30517578125,1807.01806640625,1221.300048828125,1863.9443359375,0.2705015242099762,1,0,2,0,1,0,0.9567
run01,9240,7,1186.3580322265625,1807.26953125,1218.5609130859375,1866.274169921875,0.2337212711572647,1,0,2,0,1,0,0.9567
run01,9420,7,1185.465576171875,1802.595458984375,1220.399169921875,1863.945068359375,0.27090728282928467,1,0,2,0,1,0,0.9567
run01,9540,7,1187.636962890625,1803.4462890625,1216.41259765625,1864.03857421875,0.2545715868473053,1,0,2,0,1,0,0.9567
run01,9600,7,1186.672119140625,1806.6162109375,1216.027587890625,1864.734375,0.32143422961235046,1,0,2,0,1,0,0.9567
run01,9660,7,1185.309814453125,1805.558349609375,1217.35888671875,1863.5185546875,0.2517244517803192,1,0,2,0,1,0,0.9567
run01,9720,7,1185.4833984375,1802.79443359375,1218.69140625,1864.69873046875,0.29165661334991455,1,0,2,0,1,0,0.9567
run01,9780,7,1186.2882080078125,1800.11083984375,1220.1593017578125,1866.61767578125,0.3021761476993561,1,0,2,0,1,0,0.9567
run01,9840,7,1186.1400146484375,1796.4404296875,1223.0233154296875,1867.021484375,0.29606708884239197,1,0,2,0,1,0,0.9567
run01,9900,7,1186.4224853515625,1800.893798828125,1226.2401123046875,1868.909912109375,0.4484996199607849,1,0,2,0,1,0,0.9567
run01,9960,7,1191.7265625,1800.2572021484375,1221.0517578125,1860.1514892578125,0.29990947246551514,1,0,2,0,1,0,0.9567
run01,10020,7,1185.0540771484375,1800.296630859375,1224.2149658203125,1870.834716796875,0.4108676612377167,1,0,2,0,1,0,0.9567
run01,10140,7,1184.381591796875,1797.4222412109375,1221.239990234375,1865.5294189453125,0.31024986505508423,1,0,2,0,1,0,0.9567
run01,10200,7,1185.1990966796875,1801.21923828125,1217.3128662109375,1862.5087890625,0.3654904365539551,1,0,2,0,1,0,0.9567
run01,10320,7,1185.787109375,1793.8975830078125,1219.36962890625,1861.4781494140625,0.326434850692749,1,0,2,0,1,0,0.9567
run01,10380,7,1183.768798828125,1792.45166015625,1217.884033203125,1859.347900390625,0.25874006748199463,1,0,2,0,1,0,0.9567
run01,10440,7,1185.0894775390625,1794.033935546875,1218.9737548828125,1861.547607421875,0.269977867603302,1,0,2,0,1,0,0.9567
run01,10560,7,1185.81103515625,1794.399169921875,1218.5126953125,1859.562255859375,0.311466246843338,1,0,2,0,1,0,0.9567
run01,10620,7,1185.6435546875,1793.936279296875,1220.94091796875,1862.408447265625,0.24514290690422058,1,0,2,0,1,0,0.9567
run01,10680,7,1184.6329345703125,1800.514892578125,1217.4544677734375,1862.192138671875,0.303254634141922,1,0,2,0,1,0,0.9567
run01,10800,7,1185.1636962890625,1796.080078125,1222.8597412109375,1869.48046875,0.34621015191078186,1,0,2,0,1,0,0.9567
run01,10860,7,1185.536376953125,1801.25732421875,1225.826904296875,1870.5146484375,0.37784337997436523,1,0,2,0,1,0,0.9567
run01,10980,7,1186.43115234375,1798.064453125,1221.3671875,1869.80810546875,0.2681935131549835,1,0,2,0,1,0,0.9567
run01,11040,7,1185.9903564453125,1796.287841796875,1226.7928466796875,1873.129638671875,0.35762080550193787,1,0,2,0,1,0,0.9567
run01,11100,7,1185.0439453125,1797.288818359375,1227.85302734375,1870.707275390625,0.39203429222106934,1,0,2,0,1,0,0.9567
run01,11640,7,1184.993408203125,1801.208740234375,1218.992431640625,1863.499755859375,0.37779805064201355,1,0,2,0,1,0,0.9567
run01,11700,7,1185.437744140625,1799.948974609375,1219.476318359375,1864.94775390625,0.36701443791389465,1,0,2,0,1,0,0.9567
run01,12120,7,1185.172607421875,1798.008544921875,1219.435791015625,1864.580322265625,0.26225560903549194,1,0,2,0,1,0,0.9567
run01,12300,7,1181.1009521484375,1795.15234375,1219.7520751953125,1870.86181640625,0.3185690939426422,1,0,2,0,1,0,0.9567
run01,13080,7,1182.2822265625,1796.185302734375,1212.32470703125,1877.432373046875,0.2836132049560547,1,0,2,0,1,0,0.9567
run01,13500,7,1181.039794921875,1795.5654296875,1219.521240234375,1893.602294921875,0.34004631638526917,1,0,2,0,1,0,0.9567
run01,13560,7,1181.08203125,1795.7452392578125,1218.368896484375,1892.5831298828125,0.3099406659603119,1,0,2,0,1,0,0.9567
run01,13620,7,1180.885986328125,1794.355224609375,1217.132080078125,1876.6337890625,0.38929879665374756,1,0,2,0,1,0,0.9567
run01,13740,7,1177.7978515625,1794.82421875,1219.74658203125,1902.61767578125,0.4269944429397583,1,0,2,0,1,0,0.9567
run01,14100,7,1179.52734375,1793.13720703125,1218.66943359375,1883.158203125,0.3288704752922058,1,0,2,0,1,0,0.9567
run01,14160,7,1177.787841796875,1794.3565673828125,1221.233642578125,1898.3536376953125,0.33222559094429016,1,0,2,0,1,0,0.9567
run01,14220,7,1177.3575439453125,1795.77392578125,1220.5943603515625,1902.02392578125,0.3590408265590668,1,0,2,0,1,0,0.9567
run01,14400,7,1177.887451171875,1794.2520751953125,1220.81591796875,1900.5152587890625,0.2818729281425476,1,0,2,0,1,0,0.9567
run01,14520,7,1179.6396484375,1793.4913330078125,1219.36376953125,1889.4781494140625,0.36953893303871155,1,0,2,0,1,0,0.9567
run01,14580,7,1178.800537109375,1796.610107421875,1219.572998046875,1880.836181640625,0.32617127895355225,1,0,2,0,1,0,0.9567
run01,14640,7,1179.146240234375,1794.56103515625,1218.886474609375,1885.486083984375,0.2549009621143341,1,0,2,0,1,0,0.9567
run01,14760,7,1177.4864501953125,1794.5633544921875,1218.5858154296875,1898.1270751953125,0.2916155755519867,1,0,2,0,1,0,0.9567
run01,15180,7,1179.9029541015625,1795.105712890625,1219.2796630859375,1899.850341796875,0.3633938431739807,1,0,2,0,1,0,0.9567
run01,16020,7,1183.43359375,1797.447265625,1226.31298828125,1906.673828125,0.39606642723083496,1,0,2,0,1,0,0.9567
run01,16200,7,1183.756103515625,1799.820068359375,1227.648193359375,1908.61181640625,0.26130521297454834,1,0,2,0,1,0,0.9567
run01,3960,9,3013.5126953125,955.2681884765625,3055.73828125,1025.1544189453125,0.3562648892402649,1,0,2,0,1,0,0.9157
run01,4080,9,3017.518798828125,956.09130859375,3053.618408203125,1026.146728515625,0.23550735414028168,1,0,2,0,1,0,0.9157
run01,4320,9,3014.3388671875,956.9136962890625,3053.72265625,1023.3948974609375,0.27206140756607056,1,0,2,0,1,0,0.9157
run01,4380,9,3017.65869140625,957.5277099609375,3053.13037109375,1022.971435546875,0.24317698180675507,1,0,2,0,1,0,0.9157
run01,6660,13,1181.147216796875,1801.736083984375,1227.081787109375,1921.96240234375,0.3575352430343628,1,0,2,0,1,0,0.9622
run01,6720,13,1180.212158203125,1800.025390625,1225.61279296875,1915.41162109375,0.3011317551136017,1,0,2,0,1,0,0.9622
run01,7080,13,1181.153076171875,1801.233154296875,1228.719482421875,1919.927001953125,0.3071190118789673,1,0,2,0,1,0,0.9622
run01,7200,13,1179.564697265625,1801.0648193359375,1221.849853515625,1916.8109130859375,0.27181074023246765,1,0,2,0,1,0,0.9622
run01,7260,13,1178.469970703125,1797.751953125,1222.642333984375,1916.988037109375,0.3683217763900757,1,0,2,0,1,0,0.9622
run01,7980,14,1048.2801513671875,299.1371154785156,1081.6470947265625,351.5714416503906,0.39332425594329834,1,0,2,0,1,0,0.9892
run01,8100,14,1048.89501953125,300.530029296875,1080.904296875,350.47100830078125,0.24050374329090118,1,0,2,0,1,0,0.9892
run01,8220,14,1049.57568359375,299.7121276855469,1080.328125,351.9977111816406,0.23401862382888794,1,0,2,0,1,0,0.9892
run01,8460,14,1048.487548828125,301.8648376464844,1081.056884765625,355.3857727050781,0.2443738728761673,1,0,2,0,1,0,0.9892
run01,8760,14,1048.6729736328125,305.0952453613281,1080.6370849609375,353.2073059082031,0.2747490108013153,1,0,2,0,1,0,0.9892
run01,9120,14,1050.563720703125,300.16290283203125,1081.414306640625,354.53167724609375,0.2892490327358246,1,0,2,0,1,0,0.9892
run01,9180,14,1049.670166015625,300.9173583984375,1081.018798828125,353.9234619140625,0.24373336136341095,1,0,2,0,1,0,0.9892
run01,9240,14,1048.7142333984375,302.0732421875,1081.3172607421875,351.4039306640625,0.3121146559715271,1,0,2,0,1,0,0.9892
run01,9600,14,1049.4664306640625,302.2743835449219,1081.6300048828125,349.1158142089844,0.31389158964157104,1,0,2,0,1,0,0.9892
run01,9720,14,1049.914794921875,302.3775634765625,1082.885986328125,350.0291748046875,0.28083309531211853,1,0,2,0,1,0,0.9892
run01,10320,14,1053.0323486328125,297.9676208496094,1084.7677001953125,351.1870422363281,0.365869402885437,1,0,2,0,1,0,0.9892
run01,10440,14,1053.38525390625,296.42315673828125,1085.2666015625,351.58343505859375,0.4403069317340851,1,0,2,0,1,0,0.9892
run01,8400,15,1538.30615234375,1641.318359375,1578.841552734375,1730.59228515625,0.31427302956581116,0,0,3,1,2,0,0.9822
run01,8700,15,1539.968505859375,1642.81494140625,1577.508056640625,1731.91064453125,0.2947888970375061,0,0,3,1,2,0,0.9822
run01,9720,15,1539.9449462890625,1639.7830810546875,1580.5372314453125,1726.8682861328125,0.32549619674682617,0,0,3,1,2,0,0.9822
run01,8820,16,3074.848388671875,947.485107421875,3110.724365234375,1010.347412109375,0.3706493079662323,1,0,2,0,1,0,0.9477
run01,8880,16,3075.770751953125,948.0276489257812,3109.579833984375,1009.5462036132812,0.36054736375808716,1,0,2,0,1,0,0.9477
run01,9000,16,3074.129150390625,948.48046875,3111.605712890625,1009.1181640625,0.3317103981971741,1,0,2,0,1,0,0.9477
run01,9060,16,3074.750244140625,952.468017578125,3110.820068359375,1009.882080078125,0.29651597142219543,1,0,2,0,1,0,0.9477
run01,9120,16,3076.669189453125,950.4174194335938,3110.852783203125,1012.2841186523438,0.3382309675216675,1,0,2,0,1,0,0.9477
run01,9180,16,3078.197509765625,952.8575439453125,3110.059326171875,1002.6785888671875,0.2757173776626587,1,0,2,0,1,0,0.9477
run01,9240,16,3076.14501953125,952.8414306640625,3110.67236328125,1006.2449951171875,0.24968139827251434,1,0,2,0,1,0,0.9477
run01,9360,16,3077.97412109375,953.4904174804688,3110.50048828125,1006.1813354492188,0.26828354597091675,1,0,2,0,1,0,0.9477
run01,9480,16,3074.81787109375,948.8096923828125,3110.3310546875,1009.465576171875,0.3764355182647705,1,0,2,0,1,0,0.9477
run01,9660,16,3075.13671875,951.93017578125,3110.162109375,1007.140869140625,0.2379831224679947,1,0,2,0,1,0,0.9477
run01,9720,16,3078.6005859375,952.131591796875,3109.58642578125,1006.83154296875,0.265654981136322,1,0,2,0,1,0,0.9477
run01,9900,16,3076.377197265625,952.5571899414062,3110.636962890625,1009.9911499023438,0.27092868089675903,1,0,2,0,1,0,0.9477
run01,10140,16,3077.08349609375,948.9305419921875,3109.03564453125,1008.4869384765625,0.2521643340587616,1,0,2,0,1,0,0.9477
run01,10200,16,3076.974609375,948.973876953125,3111.142578125,1008.157470703125,0.31327375769615173,1,0,2,0,1,0,0.9477
run01,10260,16,3076.3515625,946.7435913085938,3110.0087890625,1006.6476440429688,0.28732138872146606,1,0,2,0,1,0,0.9477
run01,10380,16,3077.77099609375,951.189453125,3110.93896484375,1002.9708251953125,0.26241493225097656,1,0,2,0,1,0,0.9477
run01,10440,16,3077.850341796875,949.703857421875,3111.208740234375,1003.668212890625,0.2418796867132187,1,0,2,0,1,0,0.9477
run01,10620,16,3075.83544921875,947.7274169921875,3110.20068359375,1006.9505615234375,0.2744213044643402,1,0,2,0,1,0,0.9477
run01,11160,16,3072.12109375,952.8311767578125,3110.408203125,1010.1368408203125,0.3113645911216736,1,0,2,0,1,0,0.9477
run01,11400,16,3070.79931640625,953.28515625,3108.1162109375,1010.69189453125,0.319711834192276,1,0,2,0,1,0,0.9477
run01,11460,16,3071.05078125,952.959228515625,3109.1259765625,1012.560791015625,0.23961026966571808,1,0,2,0,1,0,0.9477
run01,9420,17,2403.03125,1286.0264892578125,2440.2236328125,1362.1998291015625,0.3772529065608978,0,0,3,1,2,0,0.7863
run01,9480,17,2401.71923828125,1292.903076171875,2434.1708984375,1363.109375,0.311847984790802,0,0,3,1,2,0,0.7863
run01,9540,17,2401.17724609375,1292.243896484375,2446.03369140625,1397.03271484375,0.6172223687171936,0,0,3,1,2,0,0.7863
run01,9600,17,2403.44921875,1300.096435546875,2442.0517578125,1377.365478515625,0.39169955253601074,0,0,3,1,2,0,0.7863
run01,10320,18,2278.629638671875,1586.991943359375,2318.533447265625,1657.6630859375,0.39923614263534546,1,0,2,0,1,0,0.9733
run01,10380,18,2275.086669921875,1592.68408203125,2314.825439453125,1665.97412109375,0.4506732225418091,1,0,2,0,1,0,0.9733
run01,10440,18,2272.466064453125,1602.556396484375,2315.353271484375,1672.537109375,0.5453805327415466,1,0,2,0,1,0,0.9733
run01,10680,20,2186.015380859375,729.77099609375,2221.619873046875,797.83935546875,0.6483266353607178,1,0,2,0,1,0,0.9854
run01,10740,20,2185.40625,731.5902099609375,2221.09423828125,798.7998046875,0.691209614276886,1,0,2,0,1,0,0.9854
run01,10800,20,2187.986328125,731.9950561523438,2221.701171875,798.7710571289062,0.5332403779029846,1,0,2,0,1,0,0.9854
run01,11220,21,2607.695556640625,1822.154052734375,2645.656982421875,1901.012939453125,0.3744620680809021,1,0,2,0,1,0,0.9811
run01,11580,21,2604.3701171875,1822.81884765625,2636.9326171875,1897.07861328125,0.3044995367527008,1,0,2,0,1,0,0.9811
run01,13020,21,2591.380859375,1790.508056640625,2636.0966796875,1894.880615234375,0.6227352619171143,1,0,2,0,1,0,0.9811
run01,12240,24,1048.406982421875,301.0125427246094,1081.105712890625,351.6970520019531,0.3644774258136749,1,0,2,0,1,0,0.9867
run01,13080,24,1049.177490234375,302.5147705078125,1081.24169921875,351.018798828125,0.24820329248905182,1,0,2,0,1,0,0.9867
run01,13140,24,1049.181884765625,302.55059814453125,1081.781005859375,352.46978759765625,0.2416960895061493,1,0,2,0,1,0,0.9867
run01,13620,24,1049.228515625,299.2071228027344,1080.75439453125,352.2001647949219,0.3425743281841278,1,0,2,0,1,0,0.9867
run01,13740,24,1053.180908203125,302.54376220703125,1080.409423828125,353.20855712890625,0.34334832429885864,1,0,2,0,1,0,0.9867
run01,17700,25,2997.952880859375,958.554443359375,3035.071044921875,1027.0869140625,0.42567962408065796,1,0,2,0,1,0,0.8864
run01,17760,25,2995.978515625,959.6719970703125,3034.4765625,1029.3634033203125,0.44690343737602234,1,0,2,0,1,0,0.8864
run01,17820,25,3000.936279296875,959.18994140625,3034.625244140625,1026.60693359375,0.28969475626945496,1,0,2,0,1,0,0.8864
run01,17760,26,1910.0830078125,1913.339111328125,1942.14013671875,1983.262939453125,0.37305396795272827,1,0,2,0,1,0,0.9874
run01,17940,26,1906.4874267578125,1908.759765625,1937.9461669921875,1982.1591796875,0.30671241879463196,1,0,2,0,1,0,0.9874
run01,18060,26,1907.66796875,1912.455810546875,1938.7734375,1981.969970703125,0.2605228126049042,1,0,2,0,1,0,0.9874
run01,18180,26,1910.7821044921875,1909.73681640625,1940.8804931640625,1979.87939453125,0.3118383288383484,1,0,2,0,1,0,0.9874
run01,18360,26,1910.036376953125,1907.894775390625,1940.066650390625,1979.536376953125,0.29308855533599854,1,0,2,0,1,0,0.9874
run01,18420,26,1908.9117431640625,1906.88134765625,1940.9271240234375,1981.03955078125,0.5749349594116211,1,0,2,0,1,0,0.9874
run01,19380,29,2437.71630859375,19.219383239746094,2471.22216796875,92.94275665283203,0.3740948736667633,0,0,3,1,2,0,0.889
run01,19440,29,2439.570556640625,19.47521209716797,2474.211181640625,93.30113983154297,0.24653466045856476,0,0,3,1,2,0,0.889
run01,19500,29,2441.10205078125,22.297561645507812,2471.59033203125,86.87643432617188,0.4517228603363037,0,0,3,1,2,0,0.889
run01,22200,33,2576.6416015625,865.9505615234375,2628.720703125,978.453125,0.43311330676078796,0,0,3,1,2,0,0.989
run01,22260,33,2583.896484375,866.087890625,2626.3466796875,979.023193359375,0.24555888772010803,0,0,3,1,2,0,0.989
run01,22320,33,2580.913330078125,864.36962890625,2628.013916015625,980.0146484375,0.4273657202720642,0,0,3,1,2,0,0.989
run01,23040,35,1177.487548828125,1790.5723876953125,1211.72314453125,1864.5794677734375,0.35114383697509766,1,0,2,0,1,0,0.8674
run01,23100,35,1179.987060546875,1792.696044921875,1211.22509765625,1859.131591796875,0.2683016061782837,1,0,2,0,1,0,0.8674
run01,23160,35,1176.306884765625,1791.5555419921875,1212.16259765625,1857.0997314453125,0.27696603536605835,1,0,2,0,1,0,0.8674
run01,23220,35,1177.105224609375,1790.854248046875,1211.720458984375,1855.163818359375,0.27337634563446045,1,0,2,0,1,0,0.8674
run01,23460,35,1175.191162109375,1785.1207275390625,1210.260986328125,1846.4791259765625,0.2951323986053467,1,0,2,0,1,0,0.8674
run01,23700,35,1178.4521484375,1785.771484375,1213.410400390625,1846.97314453125,0.4069053530693054,1,0,2,0,1,0,0.8674
run01,23880,35,1171.7119140625,1780.825927734375,1209.7783203125,1844.200439453125,0.33173254132270813,1,0,2,0,1,0,0.8674
run01,24060,35,1171.2276611328125,1784.500244140625,1211.6031494140625,1846.045654296875,0.297207772731781,1,0,2,0,1,0,0.8674
run01,24240,35,1175.41845703125,1776.330078125,1210.296875,1841.41357421875,0.2734285593032837,1,0,2,0,1,0,0.8674
run01,24420,35,1171.42529296875,1782.885498046875,1209.44873046875,1846.58447265625,0.2972669303417206,1,0,2,0,1,0,0.8674
run01,24540,35,1172.96044921875,1785.4547119140625,1209.39111328125,1845.5301513671875,0.3164639472961426,1,0,2,0,1,0,0.8674
run01,24600,35,1171.939697265625,1786.5069580078125,1213.187255859375,1847.0362548828125,0.2645587623119354,1,0,2,0,1,0,0.8674
run01,25500,35,1173.029541015625,1786.25537109375,1212.5048828125,1849.3955078125,0.2536561191082001,1,0,2,0,1,0,0.8674
run01,25560,35,1174.476806640625,1787.303955078125,1207.524169921875,1846.252685546875,0.3442518413066864,1,0,2,0,1,0,0.8674
run01,25680,35,1172.905029296875,1787.5758056640625,1209.657470703125,1854.0355224609375,0.29047468304634094,1,0,2,0,1,0,0.8674
run01,25920,35,1174.682373046875,1787.09375,1211.48681640625,1852.1494140625,0.3292723000049591,1,0,2,0,1,0,0.8674
run01,25980,35,1174.57177734375,1788.1871337890625,1209.5654296875,1848.2569580078125,0.31316938996315,1,0,2,0,1,0,0.8674
run01,26100,35,1177.18994140625,1786.9560546875,1212.60302734375,1852.2119140625,0.2859300673007965,1,0,2,0,1,0,0.8674
run01,26160,35,1178.33056640625,1787.1328125,1213.10009765625,1856.494140625,0.3219693601131439,1,0,2,0,1,0,0.8674
run01,26220,35,1175.0191650390625,1785.61083984375,1208.9705810546875,1851.3251953125,0.2860618531703949,1,0,2,0,1,0,0.8674
run01,26520,35,1173.084228515625,1786.51708984375,1214.796142578125,1860.559326171875,0.2730554938316345,1,0,2,0,1,0,0.8674
run01,26580,35,1171.920654296875,1786.866455078125,1211.481689453125,1890.44677734375,0.3386068344116211,1,0,2,0,1,0,0.8674
run01,27000,35,1170.74365234375,1783.6363525390625,1216.38037109375,1899.3704833984375,0.3051321506500244,1,0,2,0,1,0,0.8674
run01,27420,35,1167.94970703125,1782.219970703125,1212.760498046875,1897.857666015625,0.32751038670539856,1,0,2,0,1,0,0.8674
run01,27840,35,1166.21142578125,1786.9658203125,1214.7998046875,1903.720703125,0.35713452100753784,1,0,2,0,1,0,0.8674
run01,28020,35,1166.2822265625,1787.180908203125,1211.654296875,1905.623779296875,0.2526663541793823,1,0,2,0,1,0,0.8674
run01,28260,35,1166.805908203125,1785.589111328125,1212.945556640625,1902.463623046875,0.2927611768245697,1,0,2,0,1,0,0.8674
run01,28320,35,1165.568603515625,1783.332763671875,1214.068115234375,1893.773193359375,0.27958664298057556,1,0,2,0,1,0,0.8674
run01,28500,35,1167.79931640625,1783.72802734375,1213.065185546875,1897.6025390625,0.3360384404659271,1,0,2,0,1,0,0.8674
run01,28560,35,1166.647216796875,1780.13623046875,1211.331298828125,1890.61083984375,0.24179591238498688,1,0,2,0,1,0,0.8674
run01,28620,35,1167.9478759765625,1782.9437255859375,1212.2366943359375,1896.6988525390625,0.28540652990341187,1,0,2,0,1,0,0.8674
run01,28920,35,1166.310302734375,1776.972412109375,1214.343994140625,1896.2314453125,0.222854882478714,1,0,2,0,1,0,0.8674
run01,30180,35,1166.507080078125,1785.08544921875,1215.619873046875,1897.369140625,0.35665959119796753,1,0,2,0,1,0,0.8674
run01,30240,35,1168.9232177734375,1782.939697265625,1210.8433837890625,1892.871826171875,0.39431899785995483,1,0,2,0,1,0,0.8674
run01,30300,35,1167.361083984375,1782.446044921875,1214.301513671875,1880.275146484375,0.2519747018814087,1,0,2,0,1,0,0.8674
run01,30540,35,1168.4654541015625,1782.808349609375,1211.9036865234375,1896.665771484375,0.35641545057296753,1,0,2,0,1,0,0.8674
run01,30600,35,1168.11328125,1780.783203125,1210.86865234375,1890.46240234375,0.25099411606788635,1,0,2,0,1,0,0.8674
run01,30840,35,1171.4102783203125,1777.63818359375,1213.0179443359375,1894.39306640625,0.26678282022476196,1,0,2,0,1,0,0.8674
run01,31020,35,1170.1651611328125,1776.30517578125,1211.1490478515625,1893.289306640625,0.2967188358306885,1,0,2,0,1,0,0.8674
run01,33300,35,1167.80419921875,1784.945068359375,1214.390625,1899.652099609375,0.3456870913505554,1,0,2,0,1,0,0.8674
run01,33480,35,1167.60595703125,1774.55517578125,1214.25341796875,1896.87744140625,0.2412514090538025,1,0,2,0,1,0,0.8674
run01,34560,35,1165.27294921875,1782.97216796875,1212.362060546875,1896.9697265625,0.31591394543647766,1,0,2,0,1,0,0.8674
run01,34680,35,1168.944091796875,1781.0946044921875,1211.604736328125,1895.2882080078125,0.2837335765361786,1,0,2,0,1,0,0.8674
run01,34740,35,1167.971435546875,1779.84912109375,1212.43017578125,1895.966796875,0.29750391840934753,1,0,2,0,1,0,0.8674
run01,35580,35,1165.4908447265625,1783.0809326171875,1207.2449951171875,1880.9593505859375,0.3087257444858551,1,0,2,0,1,0,0.8674
run01,36000,35,1166.605712890625,1781.1298828125,1206.939208984375,1859.5263671875,0.28683069348335266,1,0,2,0,1,0,0.8674
run01,25020,37,2413.20166015625,117.87791442871094,2454.14404296875,187.1851043701172,0.36008861660957336,0,0,3,1,2,0,0.6918
run01,25080,37,2411.3759765625,117.53604125976562,2448.9140625,187.33956909179688,0.36287739872932434,0,0,3,1,2,0,0.6918
run01,25140,37,2413.813720703125,117.6374740600586,2452.401611328125,185.56137084960938,0.2688411772251129,0,0,3,1,2,0,0.6918
run01,25200,37,2409.56396484375,116.68485260009766,2448.98876953125,188.86825561523438,0.3937546908855438,0,0,3,1,2,0,0.6918
run01,25260,37,2409.7880859375,116.48674011230469,2449.02294921875,186.3450164794922,0.2728613018989563,0,0,3,1,2,0,0.6918
run01,25320,37,2410.63916015625,117.57099151611328,2448.77294921875,189.6737060546875,0.42020222544670105,0,0,3,1,2,0,0.6918
run01,26160,38,2303.53173828125,1254.14208984375,2333.61279296875,1327.06494140625,0.5176762938499451,1,0,2,0,1,0,0.9636
run01,26220,38,2301.095703125,1250.64990234375,2331.345703125,1323.01171875,0.3302333950996399,1,0,2,0,1,0,0.9636
run01,26340,38,2303.178466796875,1253.600341796875,2336.026123046875,1328.067138671875,0.41490060091018677,1,0,2,0,1,0,0.9636
run01,27840,41,3023.5634765625,966.5985107421875,3050.5244140625,1027.0753173828125,0.3234085440635681,1,0,2,0,1,0,0.9435
run01,27900,41,3021.592041015625,969.2305908203125,3050.686279296875,1026.1807861328125,0.24158243834972382,1,0,2,0,1,0,0.9435
run01,27960,41,3022.431640625,968.834716796875,3050.125,1025.729248046875,0.2770597040653229,1,0,2,0,1,0,0.9435
run01,28020,41,3022.318115234375,969.232177734375,3051.302490234375,1025.330078125,0.242134690284729,1,0,2,0,1,0,0.9435
run01,28140,41,3013.814208984375,965.8900146484375,3049.566650390625,1026.6466064453125,0.3179188370704651,1,0,2,0,1,0,0.9435
run01,28140,42,2108.409912109375,1208.893310546875,2160.410888671875,1280.496337890625,0.4983096718788147,1,0,2,0,1,0,0.7645
run01,28200,42,2109.539306640625,1209.8056640625,2154.799072265625,1272.93310546875,0.24912992119789124,1,0,2,0,1,0,0.7645
run01,28260,42,2111.057373046875,1204.5574951171875,2155.033447265625,1271.8223876953125,0.42404401302337646,1,0,2,0,1,0,0.7645
run01,28320,42,2109.4951171875,1204.946044921875,2158.5078125,1280.141845703125,0.2868046760559082,1,0,2,0,1,0,0.7645
run01,28500,42,2108.363525390625,1200.3497314453125,2152.329345703125,1269.9564208984375,0.320840060710907,1,0,2,0,1,0,0.7645
run01,28560,42,2110.7998046875,1201.5086669921875,2153.32568359375,1265.8870849609375,0.3842526078224182,1,0,2,0,1,0,0.7645
run01,28620,42,2109.7587890625,1206.9984130859375,2155.404296875,1269.2972412109375,0.31673431396484375,1,0,2,0,1,0,0.7645
run01,28680,42,2104.50634765625,1208.25,2148.529296875,1269.097900390625,0.2986156940460205,1,0,2,0,1,0,0.7645
run01,28920,42,2110.84375,1198.7666015625,2155.9853515625,1263.12841796875,0.3617859482765198,1,0,2,0,1,0,0.7645
run01,32460,42,2130.861328125,1142.052490234375,2160.322265625,1207.893798828125,0.3698900640010834,1,0,2,0,1,0,0.7645
run01,28800,43,2266.63427734375,1225.37939453125,2348.982421875,1412.71826171875,0.3923308551311493,0,0,3,1,2,0,0.9594
run01,28860,43,2271.9560546875,1225.762939453125,2348.2607421875,1391.059814453125,0.44241800904273987,0,0,3,1,2,0,0.9594
run01,28920,43,2271.140869140625,1221.967041015625,2351.142333984375,1381.817138671875,0.47727617621421814,0,0,3,1,2,0,0.9594
run01,29340,45,607.7926025390625,244.03106689453125,654.7999267578125,311.91180419921875,0.38051873445510864,0,0,3,0,1,0,0.6468
run01,29400,45,606.8297119140625,243.9173583984375,651.6387939453125,311.82244873046875,0.3237036168575287,0,0,3,0,1,0,0.6468
run01,29520,45,604.5718994140625,245.62924194335938,651.1258544921875,315.6563415527344,0.3572726845741272,0,0,3,0,1,0,0.6468
run01,29580,45,605.704345703125,246.72369384765625,650.96044921875,315.26495361328125,0.3594605326652527,0,0,3,0,1,0,0.6468
run01,29640,45,606.0640869140625,249.83151245117188,648.7984619140625,315.3807678222656,0.402997225522995,0,0,3,0,1,0,0.6468
run01,29700,45,603.0287475585938,249.3797607421875,647.7592163085938,315.3004150390625,0.3703559339046478,0,0,3,0,1,0,0.6468
run01,29760,45,605.481689453125,249.707763671875,648.15869140625,315.93438720703125,0.27991968393325806,0,0,3,0,1,0,0.6468
run01,29820,45,606.4241943359375,250.4306640625,648.7039794921875,314.8753662109375,0.29610520601272583,0,0,3,0,1,0,0.6468
run01,29880,45,606.384521484375,250.42572021484375,648.5537109375,315.77801513671875,0.35922738909721375,0,0,3,0,1,0,0.6468
run01,29940,45,606.5340576171875,249.85845947265625,649.1527099609375,317.33892822265625,0.3224087655544281,0,0,3,0,1,0,0.6468
run01,30000,45,606.3824462890625,250.45361328125,648.4349365234375,314.69232177734375,0.34418943524360657,0,0,3,0,1,0,0.6468
run01,30120,45,606.464111328125,248.19427490234375,652.1533203125,321.73516845703125,0.3797057867050171,0,0,3,0,1,0,0.6468
run01,30240,45,606.9722290039062,248.1690673828125,651.8652954101562,314.95025634765625,0.3046051263809204,0,0,3,0,1,0,0.6468
run01,30300,45,606.98779296875,248.3466796875,651.910888671875,315.33233642578125,0.28433430194854736,0,0,3,0,1,0,0.6468
run01,30360,45,607.3206787109375,248.19729614257812,651.560546875,314.0945129394531,0.3479181230068207,0,0,3,0,1,0,0.6468
run01,30420,45,605.0611572265625,246.6785888671875,650.0238037109375,312.14788818359375,0.3916734457015991,0,0,3,0,1,0,0.6468
run01,30480,45,605.2046508789062,246.63900756835938,649.9473266601562,313.4468688964844,0.4746248126029968,0,0,3,0,1,0,0.6468
run01,30540,45,604.8250732421875,247.15890502929688,649.9742431640625,311.7517395019531,0.328877717256546,0,0,3,0,1,0,0.6468
run01,30600,45,605.817626953125,246.17881774902344,649.9000244140625,309.791748046875,0.3108091950416565,0,0,3,0,1,0,0.6468
run01,30720,45,606.3607177734375,245.2406005859375,651.8460693359375,310.36138916015625,0.27141955494880676,0,0,3,0,1,0,0.6468
run01,30780,45,608.206787109375,243.6847686767578,653.681640625,312.39117431640625,0.270087867975235,0,0,3,0,1,0,0.6468
run01,30840,45,607.792236328125,245.41822814941406,653.061767578125,311.01513671875,0.214438334107399,0,0,3,0,1,0,0.6468
run01,30900,45,607.6722412109375,245.4393310546875,652.7176513671875,310.963134765625,0.33385682106018066,0,0,3,0,1,0,0.6468
run01,31080,45,607.4641723632812,243.9434814453125,650.6409301757812,311.11334228515625,0.3163655996322632,0,0,3,0,1,0,0.6468
run01,31200,45,605.4488525390625,245.60528564453125,650.1007080078125,309.425537109375,0.2802048921585083,0,0,3,0,1,0,0.6468
run01,31260,45,604.2847290039062,248.00701904296875,648.8480834960938,311.79931640625,0.32742100954055786,0,0,3,0,1,0,0.6468
run01,31320,45,603.400390625,245.86752319335938,646.1590576171875,310.0778503417969,0.32117119431495667,0,0,3,0,1,0,0.6468
run01,31380,45,603.6326904296875,245.94708251953125,646.6278076171875,310.5933837890625,0.32413408160209656,0,0,3,0,1,0,0.6468
run01,31440,45,601.124755859375,247.03656005859375,646.248046875,310.626220703125,0.30127641558647156,0,0,3,0,1,0,0.6468
run01,31500,45,599.8040161132812,248.43829345703125,644.6774291992188,314.99896240234375,0.3621680736541748,0,0,3,0,1,0,0.6468
run01,31560,45,599.858154296875,247.84475708007812,644.546630859375,313.9756774902344,0.2590557336807251,0,0,3,0,1,0,0.6468
run01,31620,45,601.2655029296875,248.10186767578125,644.424072265625,312.20135498046875,0.2417275756597519,0,0,3,0,1,0,0.6468
run01,31740,45,601.5382690429688,248.88119506835938,644.9116821289062,316.0996398925781,0.32928797602653503,0,0,3,0,1,0,0.6468
run01,31860,45,597.80419921875,245.95108032226562,642.931884765625,318.7116394042969,0.3268287479877472,0,0,3,0,1,0,0.6468
run01,31920,45,600.212158203125,247.5408172607422,645.56591796875,313.39288330078125,0.2517293095588684,0,0,3,0,1,0,0.6468
run01,32040,45,599.5784912109375,246.5927734375,644.1336669921875,311.91644287109375,0.28826335072517395,0,0,3,0,1,0,0.6468
run01,32100,45,599.271240234375,247.54714965820312,643.8701171875,312.2578430175781,0.2740684747695923,0,0,3,0,1,0,0.6468
run01,32160,45,601.2001342773438,247.56553649902344,645.3381958007812,312.02392578125,0.308909147977829,0,0,3,0,1,0,0.6468
run01,32220,45,600.4854736328125,246.50894165039062,646.141845703125,311.9814758300781,0.2771108150482178,0,0,3,0,1,0,0.6468
run01,32280,45,602.1322631835938,248.07894897460938,644.2883911132812,310.6582336425781,0.29483866691589355,0,0,3,0,1,0,0.6468
run01,32340,45,602.018310546875,247.72698974609375,645.680419921875,309.41827392578125,0.287402480840683,0,0,3,0,1,0,0.6468
run01,32400,45,602.0062866210938,248.9107666015625,646.4902954101562,312.983642578125,0.23277485370635986,0,0,3,0,1,0,0.6468
run01,32460,45,602.4892578125,249.15582275390625,647.906005859375,315.52410888671875,0.30933678150177,0,0,3,0,1,0,0.6468
run01,32520,45,601.7586669921875,248.2615966796875,646.6339111328125,319.269775390625,0.35161998867988586,0,0,3,0,1,0,0.6468
run01,32580,45,600.1173095703125,249.13525390625,645.4337158203125,316.57012939453125,0.3157057464122772,0,0,3,0,1,0,0.6468
run01,32640,45,600.2911376953125,251.2769775390625,646.9053955078125,318.5948486328125,0.2811089754104614,0,0,3,0,1,0,0.6468
run01,32700,45,600.4437866210938,250.894287109375,647.1914672851562,318.2274169921875,0.21767008304595947,0,0,3,0,1,0,0.6468
run01,32760,45,598.8438720703125,252.24981689453125,646.9666748046875,318.98333740234375,0.2320670634508133,0,0,3,0,1,0,0.6468
run01,33540,45,597.1705322265625,246.3558349609375,644.373779296875,315.9266357421875,0.40745118260383606,0,0,3,0,1,0,0.6468
run01,33600,45,601.4224853515625,247.5137176513672,646.5919189453125,311.48699951171875,0.27839452028274536,0,0,3,0,1,0,0.6468
run01,33660,45,601.740478515625,245.6831512451172,646.648193359375,310.75946044921875,0.26538723707199097,0,0,3,0,1,0,0.6468
run01,33720,45,601.3641967773438,245.3292236328125,646.3147583007812,309.23834228515625,0.23373325169086456,0,0,3,0,1,0,0.6468
run01,33780,45,601.3660888671875,242.16421508789062,648.6922607421875,309.0974426269531,0.2973533570766449,0,0,3,0,1,0,0.6468
run01,33960,45,604.9381103515625,246.37347412109375,649.5682373046875,310.05133056640625,0.31619107723236084,0,0,3,0,1,0,0.6468
run01,34020,45,605.2199096679688,244.85536193847656,651.0676879882812,310.8194580078125,0.3477979898452759,0,0,3,0,1,0,0.6468
run01,34080,45,605.180419921875,244.60289001464844,651.988525390625,311.8265380859375,0.31978631019592285,0,0,3,0,1,0,0.6468
run01,34140,45,605.1439208984375,245.2413330078125,649.5281982421875,309.84942626953125,0.3049767017364502,0,0,3,0,1,0,0.6468
run01,34320,45,605.46240234375,249.39263916015625,648.183837890625,311.68646240234375,0.2850153148174286,0,0,3,0,1,0,0.6468
run01,34380,45,606.0936279296875,249.0565185546875,649.2607421875,312.814697265625,0.26728522777557373,0,0,3,0,1,0,0.6468
run01,34440,45,604.1472778320312,249.37896728515625,649.4668579101562,315.52947998046875,0.2865786552429199,0,0,3,0,1,0,0.6468
run01,34500,45,604.9601440429688,249.3980712890625,648.5571899414062,311.4903564453125,0.3451855480670929,0,0,3,0,1,0,0.6468
run01,34560,45,603.17333984375,248.0166015625,647.497314453125,310.72967529296875,0.32293590903282166,0,0,3,0,1,0,0.6468
run01,34620,45,604.96826171875,247.52590942382812,648.37841796875,308.3456115722656,0.26394832134246826,0,0,3,0,1,0,0.6468
run01,34680,45,603.9843139648438,245.92393493652344,648.0228881835938,314.07421875,0.2961958944797516,0,0,3,0,1,0,0.6468
run01,34740,45,602.4801025390625,244.88275146484375,646.44677734375,312.197021484375,0.26116785407066345,0,0,3,0,1,0,0.6468
run01,34800,45,602.888671875,247.78578186035156,643.9442138671875,309.1942138671875,0.30166542530059814,0,0,3,0,1,0,0.6468
run01,34860,45,601.1083374023438,249.17657470703125,645.0098266601562,312.77471923828125,0.22571462392807007,0,0,3,0,1,0,0.6468
run01,34980,45,600.16162109375,250.1922607421875,646.6575927734375,314.8885498046875,0.23305171728134155,0,0,3,0,1,0,0.6468
run01,35040,45,600.44287109375,250.12457275390625,646.2559814453125,315.7955322265625,0.3303624391555786,0,0,3,0,1,0,0.6468
run01,35100,45,600.7392578125,248.26004028320312,644.5977783203125,315.2029113769531,0.25411257147789,0,0,3,0,1,0,0.6468
run01,35160,45,600.0088500976562,248.91558837890625,645.8864135742188,313.66668701171875,0.3088820278644562,0,0,3,0,1,0,0.6468
run01,35220,45,600.8280639648438,250.7310791015625,647.2597045898438,314.6392822265625,0.22942747175693512,0,0,3,0,1,0,0.6468
run01,35280,45,602.6890258789062,252.39080810546875,646.6734008789062,313.94757080078125,0.2807331085205078,0,0,3,0,1,0,0.6468
run01,35340,45,601.095458984375,252.24658203125,647.622314453125,319.449951171875,0.30651187896728516,0,0,3,0,1,0,0.6468
run01,35400,45,600.7528686523438,250.96746826171875,647.2393188476562,319.27691650390625,0.2817210853099823,0,0,3,0,1,0,0.6468
run01,35640,45,603.3946533203125,248.5367431640625,647.0711669921875,313.7220458984375,0.38638269901275635,0,0,3,0,1,0,0.6468
run01,35820,45,599.313232421875,248.21484375,643.8773193359375,310.5675048828125,0.2872816026210785,0,0,3,0,1,0,0.6468
run01,36000,45,598.2525634765625,247.46139526367188,645.08056640625,315.5967712402344,0.25560784339904785,0,0,3,0,1,0,0.6468
run01,36120,45,602.0780029296875,248.08807373046875,646.6102294921875,313.30035400390625,0.2933140993118286,0,0,3,0,1,0,0.6468
run01,36180,45,603.7198486328125,249.4339599609375,646.279052734375,312.62359619140625,0.34935685992240906,0,0,3,0,1,0,0.6468
run01,36240,45,604.505615234375,248.87286376953125,648.5361328125,316.69219970703125,0.23313936591148376,0,0,3,0,1,0,0.6468
run01,36360,45,605.0969848632812,249.93972778320312,650.5155639648438,317.9068908691406,0.25808465480804443,0,0,3,0,1,0,0.6468
run01,36420,45,605.3997802734375,250.8968505859375,650.4898681640625,318.502685546875,0.2864037752151489,0,0,3,0,1,0,0.6468
run01,36540,45,606.4395751953125,250.34698486328125,651.7188720703125,316.80511474609375,0.3897256553173065,0,0,3,0,1,0,0.6468
run01,36600,45,604.466064453125,249.27197265625,651.123779296875,315.01025390625,0.3589380085468292,0,0,3,0,1,0,0.6468
run01,36660,45,604.2499389648438,250.6246337890625,651.2640991210938,318.3548583984375,0.3103711009025574,0,0,3,0,1,0,0.6468
run01,36720,45,606.206298828125,250.74932861328125,651.94580078125,316.62823486328125,0.3200814723968506,0,0,3,0,1,0,0.6468
run01,36780,45,606.5684814453125,251.10498046875,651.8760986328125,317.7811279296875,0.40367236733436584,0,0,3,0,1,0,0.6468
run01,36840,45,607.5350952148438,250.339111328125,651.9237670898438,316.501708984375,0.33201688528060913,0,0,3,0,1,0,0.6468
run01,36900,45,607.4022827148438,249.22930908203125,652.2742309570312,317.82757568359375,0.4187016785144806,0,0,3,0,1,0,0.6468
run01,36960,45,607.4635009765625,249.38385009765625,652.9578857421875,318.56549072265625,0.44642528891563416,0,0,3,0,1,0,0.6468
run01,37020,45,607.8052368164062,248.73919677734375,652.4097290039062,317.83111572265625,0.4470836818218231,0,0,3,0,1,0,0.6468
run01,37080,45,606.9440307617188,250.0989990234375,652.9308471679688,318.1260986328125,0.24668215215206146,0,0,3,0,1,0,0.6468
run01,37140,45,606.9586791992188,250.2366943359375,652.6751098632812,318.097412109375,0.28272709250450134,0,0,3,0,1,0,0.6468
run01,37200,45,607.1864013671875,250.63446044921875,651.739990234375,316.92578125,0.35704538226127625,0,0,3,0,1,0,0.6468
run01,37260,45,606.1929931640625,249.82534790039062,652.5277099609375,316.4909362792969,0.44223523139953613,0,0,3,0,1,0,0.6468
run01,37320,45,606.97021484375,248.44076538085938,652.36962890625,316.0424499511719,0.40304097533226013,0,0,3,0,1,0,0.6468
run01,37380,45,607.1915283203125,250.20855712890625,652.9024658203125,315.35150146484375,0.25127550959587097,0,0,3,0,1,0,0.6468
run01,37560,45,603.916748046875,249.289794921875,661.264892578125,337.5592041015625,0.3907398283481598,0,0,3,0,1,0,0.6468
run01,37740,45,608.886962890625,250.60440063476562,656.066650390625,313.3041076660156,0.4524155557155609,0,0,3,0,1,0,0.6468
run01,37800,45,607.8011474609375,248.994140625,657.1007080078125,313.13446044921875,0.3945133090019226,0,0,3,0,1,0,0.6468
run01,37860,45,603.114013671875,246.29946899414062,653.00439453125,313.3952331542969,0.2923872470855713,0,0,3,0,1,0,0.6468
run01,37920,45,604.5645751953125,248.49301147460938,653.5321044921875,312.2443542480469,0.2518231272697449,0,0,3,0,1,0,0.6468
run01,37980,45,610.100830078125,247.22479248046875,657.244140625,324.18182373046875,0.39507660269737244,0,0,3,0,1,0,0.6468
run01,29400,46,2035.932861328125,639.316650390625,2084.874267578125,693.292724609375,0.3860248029232025,1,0,2,0,1,0,0.9431
run01,29460,46,2023.046142578125,639.089599609375,2085.385498046875,698.586669921875,0.31391942501068115,1,0,2,0,1,0,0.9431
run01,29580,46,2021.519775390625,640.1568603515625,2083.482666015625,699.5494384765625,0.28138473629951477,1,0,2,0,1,0,0.9431
run01,29640,46,2018.451171875,643.3914794921875,2078.67822265625,710.3060302734375,0.3091695308685303,1,0,2,0,1,0,0.9431
run01,29460,47,2595.19287109375,1377.177978515625,2650.76025390625,1535.339111328125,0.5665526390075684,1,0,2,0,1,0,0.8712
run01,29640,47,2593.212646484375,1383.464111328125,2646.890380859375,1532.94482421875,0.37306055426597595,1,0,2,0,1,0,0.8712
run01,29820,47,2593.3076171875,1388.20263671875,2644.9423828125,1537.9208984375,0.2322911024093628,1,0,2,0,1,0,0.8712
run01,29880,47,2593.83740234375,1389.368408203125,2645.56201171875,1538.096923828125,0.2620101869106293,1,0,2,0,1,0,0.8712
run01,30360,48,3022.150390625,965.5040283203125,3051.8740234375,1026.3826904296875,0.3840443193912506,1,0,2,0,1,0,0.9397
run01,30420,48,3025.43798828125,967.915283203125,3050.76611328125,1022.0433349609375,0.326463907957077,1,0,2,0,1,0,0.9397
run01,30720,48,3025.375,963.2235717773438,3053.44384765625,1014.9556274414062,0.28508052229881287,1,0,2,0,1,0,0.9397
run01,30780,49,2979.142578125,1997.7811279296875,3023.7548828125,2101.822265625,0.6663950085639954,0,0,3,1,2,0,0.9904
run01,30900,49,2979.104248046875,1997.248779296875,3015.519775390625,2090.694580078125,0.7465254068374634,0,0,3,1,2,0,0.9904
run01,30960,49,2981.2978515625,2002.370361328125,3019.357421875,2097.721923828125,0.5111692547798157,0,0,3,1,2,0,0.9904
run01,31020,49,2984.21142578125,2012.9449462890625,3029.46630859375,2102.90283203125,0.5784180164337158,0,0,3,1,2,0,0.9904
run01,31080,49,2982.51904296875,2012.56982421875,3029.94189453125,2104.87744140625,0.6488147974014282,0,0,3,1,2,0,0.9904
run01,31020,50,2230.11181640625,1227.525634765625,2269.47314453125,1298.223876953125,0.4374023973941803,0,0,3,1,2,0,0.7442
run01,31080,50,2223.57958984375,1244.490234375,2265.13525390625,1309.83056640625,0.41955357789993286,0,0,3,1,2,0,0.7442
run01,34320,50,2100.72412109375,1497.9129638671875,2167.24853515625,1571.7657470703125,0.5218430161476135,0,0,3,1,2,0,0.7442
run01,31380,51,3011.04150390625,968.61376953125,3049.59814453125,1028.87451171875,0.34245941042900085,1,0,2,0,1,0,0.9433
run01,31440,51,3016.0751953125,971.312255859375,3048.8759765625,1026.607421875,0.28240612149238586,1,0,2,0,1,0,0.9433
run01,31500,51,3008.0947265625,970.9202880859375,3049.15625,1029.1231689453125,0.3092174530029297,1,0,2,0,1,0,0.9433
run01,31560,51,3011.281005859375,971.0772705078125,3049.805908203125,1028.564208984375,0.25893229246139526,1,0,2,0,1,0,0.9433
run01,31620,51,3009.92236328125,970.915283203125,3049.28857421875,1028.516845703125,0.26116514205932617,1,0,2,0,1,0,0.9433
run01,31680,52,1165.007568359375,1784.549072265625,1199.202880859375,1849.780029296875,0.338250994682312,1,0,2,0,1,0,0.8952
run01,31740,52,1165.6776123046875,1783.241943359375,1199.3521728515625,1848.329833984375,0.28998059034347534,1,0,2,0,1,0,0.8952
run01,31980,52,1165.6915283203125,1781.962646484375,1200.7178955078125,1847.683837890625,0.25442972779273987,1,0,2,0,1,0,0.8952
run01,33180,55,2987.51123046875,2015.430419921875,3031.58154296875,2091.870849609375,0.3955519497394562,0,0,3,1,2,0,0.8791
run01,33840,55,2990.305419921875,2015.642578125,3034.041748046875,2087.7509765625,0.2614467740058899,0,0,3,1,2,0,0.8791
run01,33900,55,2990.4873046875,2018.9776611328125,3032.62646484375,2090.6435546875,0.3390473425388336,0,0,3,1,2,0,0.8791
run01,34440,55,2987.21875,2026.1693115234375,3030.94921875,2100.49462890625,0.37725311517715454,0,0,3,1,2,0,0.8791
run01,34800,55,2987.11181640625,2024.475341796875,3031.45751953125,2098.267333984375,0.2771177589893341,0,0,3,1,2,0,0.8791
run01,34860,55,2985.7080078125,2024.5780029296875,3031.0654296875,2096.7978515625,0.2672501504421234,0,0,3,1,2,0,0.8791
run01,34920,55,2985.87646484375,2021.9315185546875,3028.94970703125,2098.923828125,0.28535711765289307,0,0,3,1,2,0,0.8791
run01,35160,55,2989.430908203125,2026.867919921875,3035.331787109375,2099.249267578125,0.2812028229236603,0,0,3,1,2,0,0.8791
run01,35220,55,2991.29443359375,2028.2926025390625,3034.65185546875,2099.97705078125,0.29595333337783813,0,0,3,1,2,0,0.8791
run01,33720,57,2597.35009765625,1373.355712890625,2650.09912109375,1530.9521484375,0.33777105808258057,1,0,2,0,1,0,0.9749
run01,34740,57,2585.864990234375,1372.70849609375,2650.884521484375,1545.04296875,0.3735283315181732,1,0,2,0,1,0,0.9749
run01,36300,57,2605.625244140625,1387.073486328125,2650.442138671875,1542.14208984375,0.48351389169692993,1,0,2,0,1,0,0.9749
run01,36540,57,2604.99072265625,1385.71484375,2651.92041015625,1537.35498046875,0.5190578699111938,1,0,2,0,1,0,0.9749
run01,36600,57,2607.514404296875,1384.362060546875,2649.572509765625,1526.403076171875,0.46499326825141907,1,0,2,0,1,0,0.9749
run01,36960,57,2610.39990234375,1386.175048828125,2650.39892578125,1492.267333984375,0.38167113065719604,1,0,2,0,1,0,0.9749
run01,36360,61,3036.412841796875,1971.61181640625,3097.688232421875,2058.399658203125,0.47653669118881226,0,0,3,1,2,0,0.7272
run01,36420,61,3037.52099609375,1971.97607421875,3094.00146484375,2055.9892578125,0.2589716911315918,0,0,3,1,2,0,0.7272
run01,36480,61,3036.8232421875,1978.0048828125,3092.6376953125,2061.90869140625,0.4966545104980469,0,0,3,1,2,0,0.7272
run01,36540,61,3036.21337890625,1984.303955078125,3095.10009765625,2060.08740234375,0.3676891028881073,0,0,3,1,2,0,0.7272
run01,38400,64,1751.0009765625,1623.5479736328125,1807.521484375,1763.2740478515625,0.4364345073699951,1,0,2,0,1,0,0.8104
run01,39300,64,1751.2855224609375,1620.90234375,1806.1597900390625,1763.54443359375,0.31822365522384644,1,0,2,0,1,0,0.8104
run01,39480,64,1750.382568359375,1623.8515625,1805.903076171875,1764.56494140625,0.2678396999835968,1,0,2,0,1,0,0.8104
run01,43860,64,1748.4097900390625,1629.1650390625,1804.7774658203125,1762.4228515625,0.27196404337882996,1,0,2,0,1,0,0.8104
run01,39780,68,1192.558837890625,389.9876708984375,1235.677490234375,469.7744140625,0.3616458475589752,1,0,2,0,1,0,0.6732
run01,39840,68,1192.70947265625,389.84942626953125,1237.23681640625,470.940185546875,0.2774326503276825,1,0,2,0,1,0,0.6732
run01,39900,68,1185.349853515625,387.177001953125,1236.210205078125,468.17138671875,0.2621362805366516,1,0,2,0,1,0,0.6732
run01,39960,68,1188.3623046875,386.47344970703125,1236.1103515625,468.29132080078125,0.292387992143631,1,0,2,0,1,0,0.6732
run01,40020,68,1188.26318359375,387.9317321777344,1234.29443359375,458.5777893066406,0.25198063254356384,1,0,2,0,1,0,0.6732
run01,40380,69,3051.9501953125,1974.9482421875,3122.2705078125,2146.1044921875,0.7181636691093445,0,0,3,1,2,0,0.9913
run01,40440,69,3052.6337890625,1966.56201171875,3121.04541015625,2152.0126953125,0.7234224081039429,0,0,3,1,2,0,0.9913
run01,40500,69,3057.9541015625,1970.649169921875,3112.1552734375,2146.226318359375,0.582149863243103,0,0,3,1,2,0,0.9913
run01,40560,69,3053.96484375,1967.771484375,3114.27197265625,2148.6279296875,0.6292201280593872,0,0,3,1,2,0,0.9913
run01,40620,69,3053.44091796875,1968.032958984375,3104.79052734375,2144.574462890625,0.4412519037723541,0,0,3,1,2,0,0.9913
run01,40680,69,3046.305419921875,1968.626708984375,3109.498291015625,2151.466064453125,0.4631090760231018,0,0,3,1,2,0,0.9913
run01,40860,69,3052.271728515625,1989.452392578125,3114.806884765625,2155.215087890625,0.6871011853218079,0,0,3,1,2,0,0.9913
run01,42120,69,3040.244140625,1928.123046875,3108.0361328125,2104.82763671875,0.5537822842597961,0,0,3,1,2,0,0.9913
run01,40920,70,1199.9967041015625,372.7671813964844,1246.6629638671875,438.6724548339844,0.383621484041214,1,0,2,0,1,0,0.935
run01,41100,70,1197.330078125,371.3235168457031,1243.53076171875,436.3469543457031,0.3370141386985779,1,0,2,0,1,0,0.935
run01,41160,70,1196.2685546875,372.60699462890625,1241.86083984375,436.30133056640625,0.3593016266822815,1,0,2,0,1,0,0.935
run01,41220,70,1196.5545654296875,375.0335693359375,1241.3306884765625,437.65350341796875,0.4454737901687622,1,0,2,0,1,0,0.935
run01,41280,70,1194.280029296875,374.1495361328125,1240.8671875,437.37786865234375,0.4753238260746002,1,0,2,0,1,0,0.935
run01,41340,70,1193.267822265625,373.70220947265625,1241.436767578125,441.33782958984375,0.4962241053581238,1,0,2,0,1,0,0.935
run01,41400,70,1195.947998046875,367.5901794433594,1245.947509765625,433.8817443847656,0.5034847855567932,1,0,2,0,1,0,0.935
run01,41460,70,1188.96533203125,368.88201904296875,1235.78369140625,428.98333740234375,0.4102366268634796,1,0,2,0,1,0,0.935
run01,41160,72,918.1119384765625,266.3101806640625,955.5626220703125,334.8687744140625,0.355455219745636,1,0,2,0,1,0,0.8818
run01,41220,72,918.0206298828125,265.7555236816406,955.2755126953125,335.7287292480469,0.32510218024253845,1,0,2,0,1,0,0.8818
run01,41520,72,918.5146484375,276.18560791015625,956.75830078125,341.51751708984375,0.32615432143211365,1,0,2,0,1,0,0.8818
run01,41700,72,916.36669921875,273.9441833496094,956.7255859375,343.9646301269531,0.38025549054145813,1,0,2,0,1,0,0.8818
run01,42120,72,918.619140625,276.68218994140625,956.4326171875,341.80218505859375,0.23563788831233978,1,0,2,0,1,0,0.8818
run01,42240,72,920.4251708984375,281.2034912109375,957.3038330078125,343.7144775390625,0.25187942385673523,1,0,2,0,1,0,0.8818
run01,42360,72,919.028564453125,278.28070068359375,956.83544921875,342.97540283203125,0.30197346210479736,1,0,2,0,1,0,0.8818
run01,42660,72,920.3701171875,273.66949462890625,957.98876953125,340.822998046875,0.2793625295162201,1,0,2,0,1,0,0.8818
run01,43860,72,923.1408081054688,280.7842102050781,955.4124145507812,347.8674011230469,0.3168528378009796,1,0,2,0,1,0,0.8818
run01,43980,72,914.09326171875,280.16278076171875,954.050048828125,347.08551025390625,0.29135677218437195,1,0,2,0,1,0,0.8818
run01,44340,72,917.692626953125,275.24261474609375,954.780517578125,340.47265625,0.3192855417728424,1,0,2,0,1,0,0.8818
run01,44400,72,919.806640625,276.04119873046875,959.090087890625,338.55218505859375,0.2705286145210266,1,0,2,0,1,0,0.8818
run01,44760,72,919.6830444335938,274.57086181640625,956.0764770507812,341.48187255859375,0.2698248028755188,1,0,2,0,1,0,0.8818
run01,44940,72,919.9744873046875,278.587646484375,956.5321044921875,342.849853515625,0.310611367225647,1,0,2,0,1,0,0.8818
run01,45300,72,917.4383544921875,276.216796875,956.2867431640625,340.21197509765625,0.2506829798221588,1,0,2,0,1,0,0.8818
run01,45660,72,917.63427734375,275.8646240234375,955.92041015625,340.41455078125,0.2294078916311264,1,0,2,0,1,0,0.8818
run01,45720,72,918.3052978515625,275.3104248046875,953.3856201171875,342.4149169921875,0.2703009843826294,1,0,2,0,1,0,0.8818
run01,45840,72,919.82568359375,279.98040771484375,957.8525390625,343.17230224609375,0.3336696922779083,1,0,2,0,1,0,0.8818
run01,45900,72,920.8865966796875,279.3155517578125,956.3277587890625,342.24658203125,0.24292859435081482,1,0,2,0,1,0,0.8818
run01,46020,72,920.7952880859375,279.0750732421875,955.9852294921875,342.48809814453125,0.21341127157211304,1,0,2,0,1,0,0.8818
run01,46800,72,918.8251953125,278.9371337890625,956.915283203125,343.5177001953125,0.35774824023246765,1,0,2,0,1,0,0.8818
run01,46860,72,919.0213623046875,278.50091552734375,954.9840087890625,342.7330322265625,0.2879176735877991,1,0,2,0,1,0,0.8818
run01,46920,72,918.5339965820312,277.8866882324219,957.0984497070312,343.8314514160156,0.39961904287338257,1,0,2,0,1,0,0.8818
run01,46980,72,919.1077880859375,277.4864501953125,955.973876953125,343.58935546875,0.4067489802837372,1,0,2,0,1,0,0.8818
run01,47160,72,916.66455078125,277.1634826660156,956.520751953125,343.0671691894531,0.23835043609142303,1,0,2,0,1,0,0.8818
run01,47400,72,916.968017578125,274.56610107421875,952.94775390625,343.80072021484375,0.29601362347602844,1,0,2,0,1,0,0.8818
run01,47580,72,917.0885009765625,279.5914306640625,953.1529541015625,343.40966796875,0.2845625877380371,1,0,2,0,1,0,0.8818
run01,47880,72,917.6630859375,277.4649658203125,952.3590087890625,343.5045166015625,0.22873811423778534,1,0,2,0,1,0,0.8818
run01,47940,72,916.9322509765625,278.98779296875,951.6068115234375,342.0655517578125,0.2541812062263489,1,0,2,0,1,0,0.8818
run01,44160,75,1171.5750732421875,1779.0875244140625,1209.8421630859375,1892.5335693359375,0.4134534001350403,1,0,2,0,1,0,0.7761
run01,44220,75,1169.1619873046875,1775.634765625,1210.3648681640625,1895.65478515625,0.32118985056877136,1,0,2,0,1,0,0.7761
run01,44280,75,1169.5845947265625,1775.023681640625,1211.5523681640625,1897.653076171875,0.2807101011276245,1,0,2,0,1,0,0.7761
run01,45300,75,1166.0433349609375,1784.0517578125,1210.9459228515625,1890.993896484375,0.24037966132164001,1,0,2,0,1,0,0.7761
run01,45600,75,1170.5654296875,1781.874755859375,1209.4326171875,1889.436767578125,0.26138895750045776,1,0,2,0,1,0,0.7761
run01,45660,75,1170.301025390625,1783.1595458984375,1209.090576171875,1875.4276123046875,0.2814893126487732,1,0,2,0,1,0,0.7761
run01,45720,75,1170.2607421875,1784.68603515625,1207.30517578125,1878.26806640625,0.22970132529735565,1,0,2,0,1,0,0.7761
run01,47040,75,1169.6990966796875,1780.8885498046875,1210.9632568359375,1890.7286376953125,0.4771070182323456,1,0,2,0,1,0,0.7761
run01,47100,75,1171.191162109375,1784.304931640625,1210.067138671875,1882.398681640625,0.2609560787677765,1,0,2,0,1,0,0.7761
run01,47160,75,1170.7420654296875,1781.902099609375,1209.6468505859375,1894.808837890625,0.3097561001777649,1,0,2,0,1,0,0.7761
run01,49200,75,1170.032958984375,1781.3092041015625,1211.513427734375,1898.0792236328125,0.3668179512023926,1,0,2,0,1,0,0.7761
run01,45660,77,1171.07421875,1783.5615234375,1207.14501953125,1851.8662109375,0.35127151012420654,1,0,2,0,1,0,0.7884
run01,45780,77,1172.762939453125,1781.1143798828125,1207.925537109375,1845.1099853515625,0.3030528724193573,1,0,2,0,1,0,0.7884
run01,45840,77,1173.753173828125,1780.8070068359375,1207.847412109375,1844.8172607421875,0.24390077590942383,1,0,2,0,1,0,0.7884
run01,45900,77,1173.32177734375,1781.4588623046875,1207.85888671875,1846.8175048828125,0.2517152428627014,1,0,2,0,1,0,0.7884
run01,45960,77,1173.4755859375,1778.92919921875,1207.47119140625,1845.2119140625,0.2916065454483032,1,0,2,0,1,0,0.7884
run01,46020,77,1173.927490234375,1780.002685546875,1206.562744140625,1845.122314453125,0.2679910957813263,1,0,2,0,1,0,0.7884
run01,46200,77,1172.7564697265625,1782.3802490234375,1208.0882568359375,1843.7974853515625,0.2474866658449173,1,0,2,0,1,0,0.7884
run01,47160,77,1170.9188232421875,1782.391357421875,1207.1829833984375,1858.381103515625,0.3679575026035309,1,0,2,0,1,0,0.7884
run01,47760,77,1167.934814453125,1786.408935546875,1204.838623046875,1877.314208984375,0.2717107832431793,1,0,2,0,1,0,0.7884
run01,45840,78,2586.556640625,1386.5810546875,2650.27294921875,1550.96240234375,0.3279910981655121,1,0,2,0,1,0,0.9216
run01,46200,78,2584.843505859375,1382.76220703125,2650.346435546875,1552.736572265625,0.33740755915641785,1,0,2,0,1,0,0.9216
run01,47760,78,2583.4560546875,1383.859619140625,2647.4755859375,1547.333251953125,0.2704286575317383,1,0,2,0,1,0,0.9216
run01,47880,78,2582.443603515625,1384.042724609375,2647.778076171875,1550.412841796875,0.31588464975357056,1,0,2,0,1,0,0.9216
run01,47940,78,2585.021484375,1385.3740234375,2647.56103515625,1544.65966796875,0.3334188759326935,1,0,2,0,1,0,0.9216
run01,48000,78,2586.26123046875,1384.1962890625,2648.71435546875,1545.208984375,0.22243274748325348,1,0,2,0,1,0,0.9216
run01,46320,79,2369.32958984375,520.72509765625,2395.48193359375,564.673095703125,0.3744593858718872,1,0,2,0,1,0,0.9103
run01,46380,79,2368.9306640625,518.8551025390625,2394.7041015625,566.2318115234375,0.3074224889278412,1,0,2,0,1,0,0.9103
run01,47280,79,2359.034912109375,506.5325927734375,2394.312255859375,587.5157470703125,0.596423327922821,1,0,2,0,1,0,0.9103
run01,48660,82,2304.40087890625,714.3822021484375,2349.37841796875,786.9742431640625,0.49114060401916504,1,0,2,0,1,0,0.9677
run01,48720,82,2305.016845703125,713.9984130859375,2348.069091796875,785.29736328125,0.4035133421421051,1,0,2,0,1,0,0.9677
run01,48780,82,2305.31201171875,714.6092529296875,2347.73193359375,786.5233154296875,0.4763883948326111,1,0,2,0,1,0,0.9677
run01,48960,82,2309.394775390625,725.99853515625,2349.938232421875,802.1375732421875,0.5372269153594971,1,0,2,0,1,0,0.9677
run01,48660,81,1311.61474609375,1461.4912109375,1415.79833984375,1657.8193359375,0.3138871490955353,0,0,3,1,2,0,0.9814
run01,48720,81,1310.486328125,1456.893798828125,1418.63427734375,1662.0224609375,0.34703677892684937,0,0,3,1,2,0,0.9814
run01,48780,81,1309.648193359375,1459.13720703125,1419.192626953125,1663.406982421875,0.5785247683525085,0,0,3,1,2,0,0.9814
run01,48840,81,1309.759765625,1459.557373046875,1419.308349609375,1662.446533203125,0.5738548636436462,0,0,3,1,2,0,0.9814
run01,49800,81,1309.8909912109375,1461.4873046875,1417.9635009765625,1664.222900390625,0.25081518292427063,0,0,3,1,2,0,0.9814
run01,50160,83,22.240432739257812,1032.45556640625,60.37602996826172,1112.76416015625,0.4433279037475586,0,0,3,1,2,0,0.9428
run01,50220,83,23.893186569213867,1034.498779296875,62.75196838378906,1118.416259765625,0.31523677706718445,0,0,3,1,2,0,0.9428
run01,50280,83,23.289794921875,1034.307373046875,63.398399353027344,1118.351806640625,0.3883032500743866,0,0,3,1,2,0,0.9428
run01,50340,83,21.46440887451172,1033.7142333984375,62.69996643066406,1116.8475341796875,0.40956345200538635,0,0,3,1,2,0,0.9428
run01,50400,83,20.216712951660156,1034.79345703125,62.27710723876953,1118.6328125,0.32773303985595703,0,0,3,1,2,0,0.9428
