person_id,frame_id,timestamp_sec,spatial_zone,pos_x_m,pos_y_m,speed_mps,step_length_m,stride_length_m,cadence_steps_per_min,step_frequency_hz,stride_frequency_hz,group_category,in_crossing_corridor,in_zebra
1,0,0.0,South Kerb Side,44.34,32.289,0.001,0.05,0.1,1.2,0.02,0.01,Single Pedestrian Crossing,0,0
1,60,2.0,South Kerb Side,44.34,32.291,0.001,0.05,0.1,1.2,0.02,0.01,Single Pedestrian Crossing,0,0
1,120,4.0,South Kerb Side,44.343,32.298,0.004,0.05,0.1,4.2,0.07,0.04,Single Pedestrian Crossing,0,0
1,180,6.01,South Kerb Side,44.343,32.273,0.012,0.05,0.1,14.8,0.25,0.12,Single Pedestrian Crossing,0,0
1,240,8.01,South Kerb Side,44.345,32.278,0.003,0.05,0.1,3.2,0.05,0.03,Single Pedestrian Crossing,0,0
1,300,10.01,South Kerb Side,44.327,32.284,0.009,0.05,0.1,11.3,0.19,0.09,Single Pedestrian Crossing,0,0
1,360,12.01,South Kerb Side,44.351,32.294,0.013,0.05,0.1,15.6,0.26,0.13,Single Pedestrian Crossing,0,0
1,420,14.01,South Kerb Side,44.333,32.285,0.01,0.05,0.1,12.3,0.2,0.1,Single Pedestrian Crossing,0,0
1,480,16.02,South Kerb Side,44.305,32.303,0.017,0.05,0.1,19.8,0.33,0.17,Single Pedestrian Crossing,0,0
1,540,18.02,South Kerb Side,44.302,32.4,0.048,0.09,0.181,32.0,0.53,0.27,Single Pedestrian Crossing,0,0
2,0,0.0,Median Side,34.373,12.646,0.039,0.077,0.155,29.9,0.5,0.25,Single Pedestrian Crossing,0,0
2,60,2.0,Median Side,34.366,12.569,0.039,0.077,0.155,29.9,0.5,0.25,Single Pedestrian Crossing,0,0
2,2880,96.1,Median Side,34.331,11.692,0.009,0.05,0.1,11.2,0.19,0.09,Single Pedestrian Crossing,0,0
2,6120,204.2,Median Side,34.216,10.771,0.009,0.05,0.1,10.3,0.17,0.09,Single Pedestrian Crossing,0,0
4,0,0.0,Median Side,18.14,24.506,0.009,0.05,0.1,10.4,0.17,0.09,Single Pedestrian Crossing,0,0
4,60,2.0,Median Side,18.139,24.489,0.009,0.05,0.1,10.4,0.17,0.09,Single Pedestrian Crossing,0,0
4,360,12.01,Median Side,18.143,24.542,0.005,0.05,0.1,6.4,0.11,0.05,Single Pedestrian Crossing,0,0
4,420,14.01,Median Side,18.144,24.501,0.021,0.05,0.1,24.8,0.41,0.21,Single Pedestrian Crossing,0,0
4,480,16.02,Median Side,18.104,24.567,0.038,0.077,0.153,29.8,0.5,0.25,Single Pedestrian Crossing,0,0
5,1020,34.03,South Kerb Side,28.866,32.38,0.019,0.05,0.1,22.3,0.37,0.19,Single Pedestrian Crossing,0,0
5,1080,36.04,South Kerb Side,28.847,32.348,0.019,0.05,0.1,22.3,0.37,0.19,Single Pedestrian Crossing,0,0
5,1140,38.04,South Kerb Side,28.848,32.342,0.003,0.05,0.1,3.7,0.06,0.03,Single Pedestrian Crossing,0,0
5,1380,46.05,South Kerb Side,28.868,32.33,0.003,0.05,0.1,3.5,0.06,0.03,Single Pedestrian Crossing,0,0
5,1440,48.05,South Kerb Side,28.859,32.324,0.006,0.05,0.1,7.0,0.12,0.06,Single Pedestrian Crossing,0,0
5,1560,52.05,South Kerb Side,28.849,32.345,0.006,0.05,0.1,7.2,0.12,0.06,Single Pedestrian Crossing,0,0
5,2580,86.09,South Kerb Side,28.87,32.353,0.001,0.05,0.1,1.2,0.02,0.01,Single Pedestrian Crossing,0,0
5,2640,88.09,South Kerb Side,28.867,32.359,0.003,0.05,0.1,3.8,0.06,0.03,Single Pedestrian Crossing,0,0
5,3360,112.11,South Kerb Side,28.865,32.331,0.001,0.05,0.1,1.4,0.02,0.01,Single Pedestrian Crossing,0,0
5,3420,114.11,South Kerb Side,28.877,32.352,0.012,0.05,0.1,14.4,0.24,0.12,Single Pedestrian Crossing,0,0
5,3480,116.12,South Kerb Side,28.871,32.368,0.008,0.05,0.1,10.2,0.17,0.08,Single Pedestrian Crossing,0,0
5,5580,186.19,South Kerb Side,28.853,32.352,0.0,0.05,0.1,1.2,0.02,0.01,Single Pedestrian Crossing,0,0
5,5880,196.2,South Kerb Side,28.853,32.376,0.002,0.05,0.1,2.9,0.05,0.02,Single Pedestrian Crossing,0,0
5,6240,208.21,South Kerb Side,28.87,32.327,0.004,0.05,0.1,5.2,0.09,0.04,Single Pedestrian Crossing,0,0
6,1260,42.04,South Kerb Side,18.141,25.847,0.016,0.05,0.1,18.9,0.32,0.16,Group Crossing (>2 people),0,0
6,1320,44.04,South Kerb Side,18.154,25.818,0.016,0.05,0.1,18.9,0.32,0.16,Group Crossing (>2 people),0,0
6,1380,46.05,South Kerb Side,18.147,25.831,0.007,0.05,0.1,8.8,0.15,0.07,Group Crossing (>2 people),0,0
6,1500,50.05,South Kerb Side,18.142,25.839,0.002,0.05,0.1,2.9,0.05,0.02,Group Crossing (>2 people),0,0
6,1620,54.05,South Kerb Side,18.161,25.85,0.005,0.05,0.1,6.6,0.11,0.05,Group Crossing (>2 people),0,0
6,1680,56.06,South Kerb Side,18.134,25.863,0.015,0.05,0.1,17.7,0.29,0.15,Group Crossing (>2 people),0,0
6,1740,58.06,South Kerb Side,18.139,25.832,0.016,0.05,0.1,18.8,0.31,0.16,Group Crossing (>2 people),0,0
6,1800,60.06,South Kerb Side,18.157,25.807,0.015,0.05,0.1,18.2,0.3,0.15,Group Crossing (>2 people),0,0
6,1920,64.06,South Kerb Side,18.142,25.827,0.006,0.05,0.1,7.4,0.12,0.06,Group Crossing (>2 people),0,0
6,1980,66.07,South Kerb Side,18.142,25.856,0.015,0.05,0.1,17.5,0.29,0.15,Group Crossing (>2 people),0,0
6,2040,68.07,South Kerb Side,18.137,25.848,0.005,0.05,0.1,5.9,0.1,0.05,Group Crossing (>2 people),0,0
6,2100,70.07,South Kerb Side,18.154,25.816,0.018,0.05,0.1,21.2,0.35,0.18,Group Crossing (>2 people),0,0
6,2160,72.07,South Kerb Side,18.22,25.799,0.034,0.071,0.143,28.9,0.48,0.24,Group Crossing (>2 people),0,0
6,2220,74.07,South Kerb Side,18.16,25.801,0.03,0.065,0.13,27.8,0.46,0.23,Group Crossing (>2 people),0,0
6,2340,78.08,South Kerb Side,18.142,25.844,0.012,0.05,0.1,14.1,0.24,0.12,Group Crossing (>2 people),0,0
6,2400,80.08,South Kerb Side,18.132,25.859,0.009,0.05,0.1,10.7,0.18,0.09,Group Crossing (>2 people),0,0
6,2520,84.08,South Kerb Side,18.157,25.863,0.006,0.05,0.1,7.5,0.12,0.06,Group Crossing (>2 people),0,0
6,2580,86.09,South Kerb Side,18.166,25.855,0.006,0.05,0.1,7.1,0.12,0.06,Group Crossing (>2 people),0,0
6,2640,88.09,South Kerb Side,18.155,25.845,0.007,0.05,0.1,8.6,0.14,0.07,Group Crossing (>2 people),0,0
6,2700,90.09,South Kerb Side,18.152,25.853,0.004,0.05,0.1,5.1,0.08,0.04,Group Crossing (>2 people),0,0
6,2760,92.09,South Kerb Side,18.137,25.871,0.012,0.05,0.1,14.0,0.23,0.12,Group Crossing (>2 people),0,0
6,2820,94.09,South Kerb Side,18.156,25.882,0.011,0.05,0.1,12.9,0.21,0.11,Group Crossing (>2 people),0,0
6,2880,96.1,South Kerb Side,18.131,25.857,0.018,0.05,0.1,21.1,0.35,0.18,Group Crossing (>2 people),0,0
6,2940,98.1,South Kerb Side,18.145,25.824,0.018,0.05,0.1,21.4,0.36,0.18,Group Crossing (>2 people),0,0
6,3000,100.1,South Kerb Side,18.149,25.831,0.004,0.05,0.1,5.2,0.09,0.04,Group Crossing (>2 people),0,0
6,3060,102.1,South Kerb Side,18.153,25.813,0.009,0.05,0.1,11.3,0.19,0.09,Group Crossing (>2 people),0,0
6,3120,104.1,South Kerb Side,18.14,25.87,0.029,0.064,0.127,27.5,0.46,0.23,Group Crossing (>2 people),0,0
6,3180,106.11,South Kerb Side,18.142,25.868,0.002,0.05,0.1,1.8,0.03,0.02,Group Crossing (>2 people),0,0
6,3240,108.11,South Kerb Side,18.133,25.872,0.005,0.05,0.1,5.9,0.1,0.05,Group Crossing (>2 people),0,0
6,3360,112.11,South Kerb Side,18.168,25.838,0.012,0.05,0.1,14.5,0.24,0.12,Group Crossing (>2 people),0,0
6,3420,114.11,South Kerb Side,18.151,25.857,0.013,0.05,0.1,15.3,0.26,0.13,Group Crossing (>2 people),0,0
6,3480,116.12,South Kerb Side,18.17,25.844,0.012,0.05,0.1,13.9,0.23,0.12,Group Crossing (>2 people),0,0
6,3540,118.12,South Kerb Side,18.15,25.85,0.01,0.05,0.1,12.4,0.21,0.1,Group Crossing (>2 people),0,0
6,3720,124.12,South Kerb Side,18.21,25.795,0.014,0.05,0.1,16.2,0.27,0.14,Group Crossing (>2 people),0,0
6,3780,126.13,South Kerb Side,18.15,25.827,0.034,0.071,0.141,28.8,0.48,0.24,Group Crossing (>2 people),0,0
6,3840,128.13,South Kerb Side,18.127,25.803,0.016,0.05,0.1,19.6,0.33,0.16,Group Crossing (>2 people),0,0
6,3900,130.13,South Kerb Side,18.145,25.837,0.019,0.05,0.1,23.0,0.38,0.19,Group Crossing (>2 people),0,0
6,3960,132.13,South Kerb Side,18.148,25.816,0.01,0.05,0.1,12.4,0.21,0.1,Group Crossing (>2 people),0,0
6,4020,134.13,South Kerb Side,18.134,25.809,0.008,0.05,0.1,9.1,0.15,0.08,Group Crossing (>2 people),0,0
6,4140,138.14,South Kerb Side,18.16,25.807,0.006,0.05,0.1,7.7,0.13,0.06,Group Crossing (>2 people),0,0
6,4200,140.14,South Kerb Side,18.174,25.831,0.014,0.05,0.1,16.5,0.27,0.14,Group Crossing (>2 people),0,0
6,4260,142.14,South Kerb Side,18.15,25.815,0.014,0.05,0.1,17.0,0.28,0.14,Group Crossing (>2 people),0,0
6,4380,146.15,South Kerb Side,18.144,25.86,0.011,0.05,0.1,13.6,0.23,0.11,Group Crossing (>2 people),0,0
6,4440,148.15,South Kerb Side,18.133,25.874,0.009,0.05,0.1,10.7,0.18,0.09,Group Crossing (>2 people),0,0
6,4560,152.15,South Kerb Side,18.127,25.94,0.016,0.05,0.1,19.7,0.33,0.16,Group Crossing (>2 people),0,0
6,4680,156.16,South Kerb Side,18.124,25.911,0.007,0.05,0.1,8.8,0.15,0.07,Group Crossing (>2 people),0,0
6,4800,160.16,South Kerb Side,18.1,25.891,0.008,0.05,0.1,9.1,0.15,0.08,Group Crossing (>2 people),0,0
6,5100,170.17,South Kerb Side,18.105,25.949,0.006,0.05,0.1,6.9,0.12,0.06,Group Crossing (>2 people),0,0
6,5160,172.17,South Kerb Side,18.141,25.858,0.049,0.091,0.183,32.2,0.54,0.27,Group Crossing (>2 people),0,0
6,5580,186.19,South Kerb Side,18.148,25.902,0.003,0.05,0.1,3.8,0.06,0.03,Group Crossing (>2 people),0,0
6,5760,192.19,South Kerb Side,18.155,25.934,0.005,0.05,0.1,6.5,0.11,0.05,Group Crossing (>2 people),0,0
6,5820,194.19,South Kerb Side,18.15,25.943,0.005,0.05,0.1,6.1,0.1,0.05,Group Crossing (>2 people),0,0
6,5940,198.2,South Kerb Side,18.123,25.891,0.015,0.05,0.1,17.5,0.29,0.15,Group Crossing (>2 people),0,0
6,6060,202.2,South Kerb Side,18.149,25.833,0.016,0.05,0.1,19.2,0.32,0.16,Group Crossing (>2 people),0,0
6,6120,204.2,South Kerb Side,18.193,25.854,0.024,0.056,0.112,26.1,0.44,0.22,Group Crossing (>2 people),0,0
6,6180,206.21,South Kerb Side,18.175,25.853,0.009,0.05,0.1,10.9,0.18,0.09,Group Crossing (>2 people),0,0
6,6240,208.21,South Kerb Side,18.16,25.827,0.015,0.05,0.1,17.8,0.3,0.15,Group Crossing (>2 people),0,0
6,6300,210.21,South Kerb Side,18.119,25.826,0.021,0.05,0.1,24.6,0.41,0.21,Group Crossing (>2 people),0,0
6,6360,212.21,South Kerb Side,18.14,25.815,0.012,0.05,0.1,14.0,0.23,0.12,Group Crossing (>2 people),0,0
6,6420,214.21,South Kerb Side,18.116,25.821,0.013,0.05,0.1,15.1,0.25,0.13,Group Crossing (>2 people),0,0
6,6480,216.22,South Kerb Side,18.13,25.808,0.009,0.05,0.1,10.9,0.18,0.09,Group Crossing (>2 people),0,0
6,6540,218.22,South Kerb Side,18.114,25.843,0.019,0.05,0.1,22.9,0.38,0.19,Group Crossing (>2 people),0,0
6,6600,220.22,South Kerb Side,18.109,25.875,0.016,0.05,0.1,19.2,0.32,0.16,Group Crossing (>2 people),0,0
6,6660,222.22,South Kerb Side,18.109,25.886,0.005,0.05,0.1,6.5,0.11,0.05,Group Crossing (>2 people),0,0
6,6720,224.22,South Kerb Side,18.116,25.87,0.008,0.05,0.1,10.0,0.17,0.08,Group Crossing (>2 people),0,0
6,6780,226.23,South Kerb Side,18.123,25.824,0.023,0.055,0.109,25.8,0.43,0.21,Group Crossing (>2 people),0,0
6,6840,228.23,South Kerb Side,18.132,25.835,0.007,0.05,0.1,8.6,0.14,0.07,Group Crossing (>2 people),0,0
6,6900,230.23,South Kerb Side,18.104,25.887,0.03,0.064,0.128,27.6,0.46,0.23,Group Crossing (>2 people),0,0
6,6960,232.23,South Kerb Side,18.112,25.875,0.007,0.05,0.1,8.5,0.14,0.07,Group Crossing (>2 people),0,0
6,7020,234.23,South Kerb Side,18.133,25.857,0.014,0.05,0.1,16.6,0.28,0.14,Group Crossing (>2 people),0,0
6,7080,236.24,South Kerb Side,18.114,25.872,0.012,0.05,0.1,14.2,0.24,0.12,Group Crossing (>2 people),0,0
6,7140,238.24,South Kerb Side,18.131,25.84,0.018,0.05,0.1,21.9,0.37,0.18,Group Crossing (>2 people),0,0
6,7200,240.24,South Kerb Side,18.115,25.864,0.014,0.05,0.1,17.3,0.29,0.14,Group Crossing (>2 people),0,0
6,7260,242.24,South Kerb Side,18.126,25.893,0.016,0.05,0.1,18.8,0.31,0.16,Group Crossing (>2 people),0,0
6,7380,246.25,South Kerb Side,18.09,25.873,0.01,0.05,0.1,12.5,0.21,0.1,Group Crossing (>2 people),0,0
6,7680,256.26,South Kerb Side,18.142,25.868,0.005,0.05,0.1,6.2,0.1,0.05,Group Crossing (>2 people),0,0
6,7740,258.26,South Kerb Side,18.141,25.845,0.012,0.05,0.1,14.1,0.24,0.12,Group Crossing (>2 people),0,0
6,7800,260.26,South Kerb Side,18.144,25.849,0.003,0.05,0.1,3.4,0.06,0.03,Group Crossing (>2 people),0,0
6,7860,262.26,South Kerb Side,18.142,25.87,0.01,0.05,0.1,12.5,0.21,0.1,Group Crossing (>2 people),0,0
6,8040,268.27,South Kerb Side,18.15,25.883,0.003,0.05,0.1,3.1,0.05,0.03,Group Crossing (>2 people),0,0
6,8160,272.27,South Kerb Side,18.161,25.886,0.003,0.05,0.1,3.5,0.06,0.03,Group Crossing (>2 people),0,0
6,8340,278.28,South Kerb Side,18.148,25.912,0.005,0.05,0.1,5.9,0.1,0.05,Group Crossing (>2 people),0,0
6,8400,280.28,South Kerb Side,18.143,25.906,0.004,0.05,0.1,4.4,0.07,0.04,Group Crossing (>2 people),0,0
6,8460,282.28,South Kerb Side,18.158,25.934,0.016,0.05,0.1,18.9,0.31,0.16,Group Crossing (>2 people),0,0
6,8520,284.28,South Kerb Side,18.144,25.944,0.009,0.05,0.1,10.5,0.17,0.09,Group Crossing (>2 people),0,0
6,8760,292.29,South Kerb Side,18.147,25.904,0.005,0.05,0.1,6.0,0.1,0.05,Group Crossing (>2 people),0,0
6,8820,294.29,South Kerb Side,18.148,25.879,0.013,0.05,0.1,15.4,0.26,0.13,Group Crossing (>2 people),0,0
6,8880,296.3,South Kerb Side,18.132,25.876,0.008,0.05,0.1,9.6,0.16,0.08,Group Crossing (>2 people),0,0
6,8940,298.3,South Kerb Side,18.152,25.877,0.01,0.05,0.1,12.0,0.2,0.1,Group Crossing (>2 people),0,0
6,9060,302.3,South Kerb Side,18.151,25.88,0.001,0.05,0.1,1.2,0.02,0.01,Group Crossing (>2 people),0,0
6,9120,304.3,South Kerb Side,18.172,25.902,0.015,0.05,0.1,18.3,0.3,0.15,Group Crossing (>2 people),0,0
6,9180,306.31,South Kerb Side,18.146,25.882,0.016,0.05,0.1,19.5,0.32,0.16,Group Crossing (>2 people),0,0
6,9240,308.31,South Kerb Side,18.15,25.878,0.002,0.05,0.1,2.9,0.05,0.02,Group Crossing (>2 people),0,0
6,9420,314.31,South Kerb Side,18.141,25.828,0.009,0.05,0.1,10.2,0.17,0.09,Group Crossing (>2 people),0,0
6,9480,316.32,South Kerb Side,18.126,25.873,0.024,0.055,0.11,25.9,0.43,0.22,Group Crossing (>2 people),0,0
6,9540,318.32,South Kerb Side,18.141,25.872,0.007,0.05,0.1,9.0,0.15,0.07,Group Crossing (>2 people),0,0
6,9600,320.32,South Kerb Side,18.141,25.871,0.001,0.05,0.1,1.2,0.02,0.01,Group Crossing (>2 people),0,0
6,9660,322.32,South Kerb Side,18.154,25.831,0.021,0.051,0.101,25.0,0.42,0.21,Group Crossing (>2 people),0,0
6,9720,324.32,South Kerb Side,18.134,25.828,0.01,0.05,0.1,12.0,0.2,0.1,Group Crossing (>2 people),0,0
6,9780,326.33,South Kerb Side,18.149,25.822,0.008,0.05,0.1,9.8,0.16,0.08,Group Crossing (>2 people),0,0
6,9840,328.33,South Kerb Side,18.155,25.801,0.011,0.05,0.1,12.8,0.21,0.11,Group Crossing (>2 people),0,0
6,9900,330.33,South Kerb Side,18.181,25.815,0.015,0.05,0.1,18.1,0.3,0.15,Group Crossing (>2 people),0,0
6,9960,332.33,South Kerb Side,18.193,25.794,0.012,0.05,0.1,14.7,0.25,0.12,Group Crossing (>2 people),0,0
6,10020,334.33,South Kerb Side,18.166,25.797,0.014,0.05,0.1,16.5,0.28,0.14,Group Crossing (>2 people),0,0
6,10080,336.34,South Kerb Side,18.16,25.797,0.003,0.05,0.1,3.6,0.06,0.03,Group Crossing (>2 people),0,0
6,10140,338.34,South Kerb Side,18.158,25.776,0.011,0.05,0.1,13.0,0.22,0.11,Group Crossing (>2 people),0,0
6,10200,340.34,South Kerb Side,18.123,25.817,0.027,0.06,0.121,26.9,0.45,0.22,Group Crossing (>2 people),0,0
6,10260,342.34,South Kerb Side,18.133,25.793,0.013,0.05,0.1,15.8,0.26,0.13,Group Crossing (>2 people),0,0
6,10320,344.34,South Kerb Side,18.152,25.737,0.029,0.064,0.127,27.6,0.46,0.23,Group Crossing (>2 people),0,0
6,10380,346.35,South Kerb Side,18.128,25.747,0.013,0.05,0.1,15.4,0.26,0.13,Group Crossing (>2 people),0,0
6,10440,348.35,South Kerb Side,18.161,25.751,0.016,0.05,0.1,19.7,0.33,0.16,Group Crossing (>2 people),0,0
6,10500,350.35,South Kerb Side,18.143,25.735,0.012,0.05,0.1,14.6,0.24,0.12,Group Crossing (>2 people),0,0
6,10560,352.35,South Kerb Side,18.17,25.749,0.015,0.05,0.1,18.1,0.3,0.15,Group Crossing (>2 people),0,0
6,10680,356.36,South Kerb Side,18.128,25.796,0.016,0.05,0.1,18.8,0.31,0.16,Group Crossing (>2 people),0,0
6,10740,358.36,South Kerb Side,18.128,25.808,0.006,0.05,0.1,6.9,0.11,0.06,Group Crossing (>2 people),0,0
6,10800,360.36,South Kerb Side,18.163,25.79,0.02,0.05,0.1,23.5,0.39,0.2,Group Crossing (>2 people),0,0
6,10860,362.36,South Kerb Side,18.16,25.807,0.009,0.05,0.1,10.3,0.17,0.09,Group Crossing (>2 people),0,0
6,10980,366.37,South Kerb Side,18.141,25.81,0.005,0.05,0.1,5.9,0.1,0.05,Group Crossing (>2 people),0,0
6,11040,368.37,South Kerb Side,18.16,25.813,0.01,0.05,0.1,11.9,0.2,0.1,Group Crossing (>2 people),0,0
6,11100,370.37,South Kerb Side,18.175,25.805,0.009,0.05,0.1,10.5,0.17,0.09,Group Crossing (>2 people),0,0
6,11160,372.37,South Kerb Side,18.154,25.785,0.015,0.05,0.1,17.6,0.29,0.15,Group Crossing (>2 people),0,0
6,11220,374.37,South Kerb Side,18.198,25.781,0.022,0.052,0.104,25.3,0.42,0.21,Group Crossing (>2 people),0,0
6,11280,376.38,South Kerb Side,18.19,25.751,0.016,0.05,0.1,18.7,0.31,0.16,Group Crossing (>2 people),0,0
6,11340,378.38,South Kerb Side,18.179,25.738,0.009,0.05,0.1,10.4,0.17,0.09,Group Crossing (>2 people),0,0
6,11400,380.38,South Kerb Side,18.129,25.769,0.03,0.064,0.128,27.7,0.46,0.23,Group Crossing (>2 people),0,0
6,11460,382.38,South Kerb Side,18.173,25.745,0.025,0.057,0.114,26.3,0.44,0.22,Group Crossing (>2 people),0,0
6,11520,384.38,South Kerb Side,18.152,25.76,0.013,0.05,0.1,15.3,0.25,0.13,Group Crossing (>2 people),0,0
6,11580,386.39,South Kerb Side,18.13,25.784,0.016,0.05,0.1,19.5,0.33,0.16,Group Crossing (>2 people),0,0
6,11640,388.39,South Kerb Side,18.128,25.795,0.006,0.05,0.1,7.1,0.12,0.06,Group Crossing (>2 people),0,0
6,11700,390.39,South Kerb Side,18.13,25.811,0.008,0.05,0.1,9.2,0.15,0.08,Group Crossing (>2 people),0,0
6,11760,392.39,South Kerb Side,18.155,25.819,0.013,0.05,0.1,15.9,0.26,0.13,Group Crossing (>2 people),0,0
6,11820,394.39,South Kerb Side,18.142,25.878,0.031,0.066,0.131,27.9,0.47,0.23,Group Crossing (>2 people),0,0
6,11880,396.4,South Kerb Side,18.122,25.838,0.022,0.053,0.106,25.4,0.42,0.21,Group Crossing (>2 people),0,0
6,11940,398.4,South Kerb Side,18.138,25.821,0.012,0.05,0.1,13.9,0.23,0.12,Group Crossing (>2 people),0,0
6,12000,400.4,South Kerb Side,18.139,25.817,0.002,0.05,0.1,2.3,0.04,0.02,Group Crossing (>2 people),0,0
6,12060,402.4,South Kerb Side,18.139,25.818,0.001,0.05,0.1,1.2,0.02,0.01,Group Crossing (>2 people),0,0
6,12120,404.4,South Kerb Side,18.138,25.825,0.004,0.05,0.1,4.5,0.07,0.04,Group Crossing (>2 people),0,0
6,12180,406.41,South Kerb Side,18.107,25.819,0.016,0.05,0.1,18.9,0.31,0.16,Group Crossing (>2 people),0,0
6,12240,408.41,South Kerb Side,18.136,25.842,0.019,0.05,0.1,22.6,0.38,0.19,Group Crossing (>2 people),0,0
6,12300,410.41,South Kerb Side,18.136,25.823,0.01,0.05,0.1,11.6,0.19,0.1,Group Crossing (>2 people),0,0
6,12360,412.41,South Kerb Side,18.086,25.802,0.027,0.06,0.121,26.9,0.45,0.22,Group Crossing (>2 people),0,0
6,12480,416.42,South Kerb Side,18.094,25.781,0.006,0.05,0.1,6.9,0.12,0.06,Group Crossing (>2 people),0,0
6,12540,418.42,South Kerb Side,18.081,25.817,0.019,0.05,0.1,22.9,0.38,0.19,Group Crossing (>2 people),0,0
6,12600,420.42,South Kerb Side,18.079,25.834,0.009,0.05,0.1,10.5,0.18,0.09,Group Crossing (>2 people),0,0
6,13020,434.43,South Kerb Side,18.095,25.764,0.005,0.05,0.1,6.2,0.1,0.05,Group Crossing (>2 people),0,0
6,13080,436.44,South Kerb Side,18.096,25.764,0.0,0.05,0.1,1.2,0.02,0.01,Group Crossing (>2 people),0,0
6,13140,438.44,South Kerb Side,18.086,25.756,0.006,0.05,0.1,7.7,0.13,0.06,Group Crossing (>2 people),0,0
6,13200,440.44,South Kerb Side,18.108,25.77,0.013,0.05,0.1,16.0,0.27,0.13,Group Crossing (>2 people),0,0
6,13320,444.44,South Kerb Side,18.116,25.77,0.002,0.05,0.1,2.4,0.04,0.02,Group Crossing (>2 people),0,0
6,13380,446.45,South Kerb Side,18.094,25.803,0.02,0.05,0.1,23.6,0.39,0.2,Group Crossing (>2 people),0,0
6,13440,448.45,South Kerb Side,18.114,25.794,0.011,0.05,0.1,13.4,0.22,0.11,Group Crossing (>2 people),0,0
6,13500,450.45,South Kerb Side,18.118,25.79,0.002,0.05,0.1,2.9,0.05,0.02,Group Crossing (>2 people),0,0
6,13560,452.45,South Kerb Side,18.105,25.792,0.006,0.05,0.1,7.7,0.13,0.06,Group Crossing (>2 people),0,0
6,13620,454.45,South Kerb Side,18.098,25.843,0.026,0.058,0.117,26.5,0.44,0.22,Group Crossing (>2 people),0,0
6,13680,456.46,South Kerb Side,18.101,25.822,0.011,0.05,0.1,12.7,0.21,0.11,Group Crossing (>2 people),0,0
6,13740,458.46,South Kerb Side,18.086,25.8,0.014,0.05,0.1,16.2,0.27,0.14,Group Crossing (>2 people),0,0
6,13800,460.46,South Kerb Side,18.085,25.787,0.007,0.05,0.1,7.9,0.13,0.07,Group Crossing (>2 people),0,0
6,14040,468.47,South Kerb Side,18.096,25.786,0.001,0.05,0.1,1.6,0.03,0.01,Group Crossing (>2 people),0,0
6,14100,470.47,South Kerb Side,18.104,25.828,0.021,0.051,0.102,25.0,0.42,0.21,Group Crossing (>2 people),0,0
6,14160,472.47,South Kerb Side,18.077,25.803,0.019,0.05,0.1,22.5,0.38,0.19,Group Crossing (>2 people),0,0
6,14220,474.47,South Kerb Side,18.091,25.794,0.008,0.05,0.1,9.9,0.16,0.08,Group Crossing (>2 people),0,0
6,14340,478.48,South Kerb Side,18.082,25.822,0.007,0.05,0.1,8.8,0.15,0.07,Group Crossing (>2 people),0,0
6,14400,480.48,South Kerb Side,18.093,25.815,0.007,0.05,0.1,8.1,0.13,0.07,Group Crossing (>2 people),0,0
6,14520,484.48,South Kerb Side,18.109,25.829,0.005,0.05,0.1,6.3,0.11,0.05,Group Crossing (>2 people),0,0
6,14580,486.49,South Kerb Side,18.088,25.833,0.011,0.05,0.1,12.9,0.22,0.11,Group Crossing (>2 people),0,0
6,14760,492.49,South Kerb Side,18.087,25.809,0.004,0.05,0.1,4.9,0.08,0.04,Group Crossing (>2 people),0,0
6,14820,494.49,South Kerb Side,18.087,25.809,0.0,0.05,0.1,1.2,0.02,0.01,Group Crossing (>2 people),0,0
6,15180,506.51,South Kerb Side,18.082,25.84,0.003,0.05,0.1,3.1,0.05,0.03,Group Crossing (>2 people),0,0
6,16620,554.55,South Kerb Side,18.088,25.788,0.001,0.05,0.1,1.3,0.02,0.01,Group Crossing (>2 people),0,0
6,17160,572.57,South Kerb Side,18.081,25.738,0.003,0.05,0.1,3.4,0.06,0.03,Group Crossing (>2 people),0,0
6,17280,576.58,South Kerb Side,18.08,25.731,0.002,0.05,0.1,2.1,0.03,0.02,Group Crossing (>2 people),0,0
6,17400,580.58,South Kerb Side,18.059,25.743,0.006,0.05,0.1,7.5,0.12,0.06,Group Crossing (>2 people),0,0
6,17460,582.58,South Kerb Side,18.064,25.737,0.004,0.05,0.1,4.7,0.08,0.04,Group Crossing (>2 people),0,0
6,17640,588.59,South Kerb Side,18.093,25.69,0.009,0.05,0.1,11.0,0.18,0.09,Group Crossing (>2 people),0,0
6,17700,590.59,South Kerb Side,18.054,25.719,0.024,0.056,0.112,26.1,0.43,0.22,Group Crossing (>2 people),0,0
6,17760,592.59,South Kerb Side,18.06,25.723,0.004,0.05,0.1,4.2,0.07,0.04,Group Crossing (>2 people),0,0
6,17880,596.6,South Kerb Side,18.067,25.722,0.002,0.05,0.1,2.2,0.04,0.02,Group Crossing (>2 people),0,0
6,18000,600.6,South Kerb Side,18.053,25.772,0.013,0.05,0.1,15.5,0.26,0.13,Group Crossing (>2 people),0,0
6,18060,602.6,South Kerb Side,18.069,25.775,0.008,0.05,0.1,10.2,0.17,0.08,Group Crossing (>2 people),0,0
6,18120,604.6,South Kerb Side,18.07,25.773,0.001,0.05,0.1,1.2,0.02,0.01,Group Crossing (>2 people),0,0
6,18180,606.61,South Kerb Side,18.064,25.741,0.016,0.05,0.1,19.3,0.32,0.16,Group Crossing (>2 people),0,0
6,18240,608.61,South Kerb Side,18.063,25.733,0.004,0.05,0.1,4.4,0.07,0.04,Group Crossing (>2 people),0,0
6,18300,610.61,South Kerb Side,18.058,25.734,0.002,0.05,0.1,2.8,0.05,0.02,Group Crossing (>2 people),0,0
6,18360,612.61,South Kerb Side,18.062,25.723,0.006,0.05,0.1,6.7,0.11,0.06,Group Crossing (>2 people),0,0
6,18480,616.62,South Kerb Side,18.095,25.747,0.01,0.05,0.1,12.1,0.2,0.1,Group Crossing (>2 people),0,0
6,18600,620.62,South Kerb Side,18.112,25.75,0.004,0.05,0.1,5.1,0.08,0.04,Group Crossing (>2 people),0,0
6,18900,630.63,South Kerb Side,18.081,25.751,0.003,0.05,0.1,3.7,0.06,0.03,Group Crossing (>2 people),0,0
6,18960,632.63,South Kerb Side,18.095,25.77,0.012,0.05,0.1,14.2,0.24,0.12,Group Crossing (>2 people),0,0
6,19020,634.63,South Kerb Side,18.092,25.76,0.005,0.05,0.1,6.1,0.1,0.05,Group Crossing (>2 people),0,0
6,19080,636.64,South Kerb Side,18.098,25.734,0.014,0.05,0.1,16.2,0.27,0.14,Group Crossing (>2 people),0,0
6,19140,638.64,South Kerb Side,18.094,25.768,0.017,0.05,0.1,20.6,0.34,0.17,Group Crossing (>2 people),0,0
6,19200,640.64,South Kerb Side,18.093,25.753,0.008,0.05,0.1,9.1,0.15,0.08,Group Crossing (>2 people),0,0
6,19380,646.65,South Kerb Side,18.07,25.775,0.005,0.05,0.1,6.3,0.1,0.05,Group Crossing (>2 people),0,0
6,19500,650.65,South Kerb Side,18.096,25.801,0.009,0.05,0.1,11.1,0.19,0.09,Group Crossing (>2 people),0,0
6,19980,666.67,South Kerb Side,18.108,25.723,0.005,0.05,0.1,5.9,0.1,0.05,Group Crossing (>2 people),0,0
6,20040,668.67,South Kerb Side,18.102,25.747,0.012,0.05,0.1,14.9,0.25,0.12,Group Crossing (>2 people),0,0
6,20100,670.67,South Kerb Side,18.09,25.759,0.008,0.05,0.1,10.1,0.17,0.08,Group Crossing (>2 people),0,0
6,20160,672.67,South Kerb Side,18.1,25.758,0.005,0.05,0.1,6.2,0.1,0.05,Group Crossing (>2 people),0,0
6,20280,676.68,South Kerb Side,18.099,25.76,0.0,0.05,0.1,1.2,0.02,0.01,Group Crossing (>2 people),0,0
6,20340,678.68,South Kerb Side,18.056,25.764,0.022,0.052,0.103,25.2,0.42,0.21,Group Crossing (>2 people),0,0
6,20400,680.68,South Kerb Side,18.074,25.752,0.011,0.05,0.1,13.1,0.22,0.11,Group Crossing (>2 people),0,0
6,20460,682.68,South Kerb Side,18.057,25.738,0.011,0.05,0.1,13.1,0.22,0.11,Group Crossing (>2 people),0,0
6,20520,684.68,South Kerb Side,18.091,25.763,0.021,0.05,0.101,24.9,0.42,0.21,Group Crossing (>2 people),0,0
6,20580,686.69,South Kerb Side,18.091,25.762,0.001,0.05,0.1,1.2,0.02,0.01,Group Crossing (>2 people),0,0
6,20820,694.69,South Kerb Side,18.06,25.674,0.012,0.05,0.1,14.0,0.23,0.12,Group Crossing (>2 people),0,0
6,20880,696.7,South Kerb Side,18.055,25.71,0.018,0.05,0.1,21.9,0.37,0.18,Group Crossing (>2 people),0,0
6,20940,698.7,South Kerb Side,18.047,25.727,0.009,0.05,0.1,11.3,0.19,0.09,Group Crossing (>2 people),0,0
6,21180,706.71,South Kerb Side,18.055,25.678,0.006,0.05,0.1,7.4,0.12,0.06,Group Crossing (>2 people),0,0
6,21240,708.71,South Kerb Side,18.061,25.675,0.003,0.05,0.1,4.2,0.07,0.03,Group Crossing (>2 people),0,0
6,21420,714.71,South Kerb Side,18.094,25.666,0.006,0.05,0.1,6.9,0.12,0.06,Group Crossing (>2 people),0,0
6,21480,716.72,South Kerb Side,18.089,25.67,0.003,0.05,0.1,4.1,0.07,0.03,Group Crossing (>2 people),0,0
6,21600,720.72,South Kerb Side,18.086,25.704,0.009,0.05,0.1,10.3,0.17,0.09,Group Crossing (>2 people),0,0
6,21660,722.72,South Kerb Side,18.09,25.699,0.004,0.05,0.1,4.3,0.07,0.04,Group Crossing (>2 people),0,0
6,21720,724.72,South Kerb Side,18.096,25.66,0.019,0.05,0.1,23.2,0.39,0.19,Group Crossing (>2 people),0,0
6,21780,726.73,South Kerb Side,18.114,25.653,0.01,0.05,0.1,11.4,0.19,0.1,Group Crossing (>2 people),0,0
6,21840,728.73,South Kerb Side,18.063,25.674,0.027,0.061,0.122,27.0,0.45,0.23,Group Crossing (>2 people),0,0
6,21900,730.73,South Kerb Side,18.061,25.702,0.014,0.05,0.1,16.7,0.28,0.14,Group Crossing (>2 people),0,0
6,21960,732.73,South Kerb Side,18.113,25.709,0.026,0.059,0.119,26.7,0.45,0.22,Group Crossing (>2 people),0,0
6,22080,736.74,South Kerb Side,18.084,25.703,0.007,0.05,0.1,8.8,0.15,0.07,Group Crossing (>2 people),0,0
6,22140,738.74,South Kerb Side,18.099,25.698,0.008,0.05,0.1,9.1,0.15,0.08,Group Crossing (>2 people),0,0
6,22200,740.74,South Kerb Side,18.066,25.681,0.019,0.05,0.1,22.2,0.37,0.19,Group Crossing (>2 people),0,0
6,22260,742.74,South Kerb Side,18.051,25.721,0.021,0.051,0.101,25.0,0.42,0.21,Group Crossing (>2 people),0,0
6,22320,744.74,South Kerb Side,18.056,25.712,0.005,0.05,0.1,6.0,0.1,0.05,Group Crossing (>2 people),0,0
6,22620,754.75,South Kerb Side,18.034,25.675,0.004,0.05,0.1,5.2,0.09,0.04,Group Crossing (>2 people),0,0
6,22800,760.76,South Kerb Side,18.051,25.73,0.01,0.05,0.1,11.5,0.19,0.1,Group Crossing (>2 people),0,0
6,22860,762.76,South Kerb Side,18.059,25.716,0.008,0.05,0.1,9.6,0.16,0.08,Group Crossing (>2 people),0,0
6,22920,764.76,South Kerb Side,18.076,25.695,0.014,0.05,0.1,16.4,0.27,0.14,Group Crossing (>2 people),0,0
6,22980,766.77,South Kerb Side,18.075,25.693,0.001,0.05,0.1,1.4,0.02,0.01,Group Crossing (>2 people),0,0
6,23040,768.77,South Kerb Side,18.082,25.714,0.011,0.05,0.1,13.5,0.23,0.11,Group Crossing (>2 people),0,0
6,23100,770.77,South Kerb Side,18.081,25.745,0.016,0.05,0.1,18.7,0.31,0.16,Group Crossing (>2 people),0,0
6,23280,776.78,South Kerb Side,18.077,25.714,0.005,0.05,0.1,6.3,0.11,0.05,Group Crossing (>2 people),0,0
6,23340,778.78,South Kerb Side,18.011,25.729,0.034,0.07,0.14,28.7,0.48,0.24,Group Crossing (>2 people),0,0
6,24300,810.81,South Kerb Side,18.031,25.583,0.005,0.05,0.1,5.5,0.09,0.05,Group Crossing (>2 people),0,0
7,1320,44.04,South Kerb Side,18.049,27.976,0.015,0.05,0.1,17.7,0.29,0.15,Group Crossing (>2 people),0,0
7,1440,48.05,South Kerb Side,18.059,28.034,0.015,0.05,0.1,17.7,0.29,0.15,Group Crossing (>2 people),0,0
7,1500,50.05,South Kerb Side,18.041,27.993,0.022,0.052,0.105,25.4,0.42,0.21,Group Crossing (>2 people),0,0
7,1620,54.05,South Kerb Side,18.047,28.076,0.021,0.05,0.101,24.9,0.42,0.21,Group Crossing (>2 people),0,0
7,1680,56.06,South Kerb Side,18.041,28.002,0.037,0.075,0.151,29.6,0.49,0.25,Group Crossing (>2 people),0,0
7,1740,58.06,South Kerb Side,18.037,28.023,0.011,0.05,0.1,12.8,0.21,0.11,Group Crossing (>2 people),0,0
7,1800,60.06,South Kerb Side,18.06,27.941,0.043,0.083,0.166,30.9,0.51,0.26,Group Crossing (>2 people),0,0
7,1860,62.06,South Kerb Side,18.034,27.993,0.029,0.063,0.127,27.5,0.46,0.23,Group Crossing (>2 people),0,0
7,1920,64.06,South Kerb Side,18.024,27.982,0.008,0.05,0.1,9.1,0.15,0.08,Group Crossing (>2 people),0,0
7,1980,66.07,South Kerb Side,18.045,27.982,0.01,0.05,0.1,12.5,0.21,0.1,Group Crossing (>2 people),0,0
7,2040,68.07,South Kerb Side,18.033,27.989,0.007,0.05,0.1,8.3,0.14,0.07,Group Crossing (>2 people),0,0
7,2100,70.07,South Kerb Side,18.066,27.957,0.023,0.053,0.107,25.5,0.43,0.21,Group Crossing (>2 people),0,0
7,2160,72.07,South Kerb Side,18.073,27.958,0.004,0.05,0.1,4.3,0.07,0.04,Group Crossing (>2 people),0,0
7,2220,74.07,South Kerb Side,18.053,28.032,0.038,0.077,0.154,29.9,0.5,0.25,Group Crossing (>2 people),0,0
7,2280,76.08,South Kerb Side,18.045,28.042,0.006,0.05,0.1,7.3,0.12,0.06,Group Crossing (>2 people),0,0
7,2460,82.08,South Kerb Side,18.05,28.045,0.001,0.05,0.1,1.2,0.02,0.01,Group Crossing (>2 people),0,0
7,2520,84.08,South Kerb Side,18.047,28.028,0.009,0.05,0.1,10.7,0.18,0.09,Group Crossing (>2 people),0,0
7,2580,86.09,South Kerb Side,18.086,28.082,0.033,0.069,0.139,28.6,0.48,0.24,Group Crossing (>2 people),0,0
7,2640,88.09,South Kerb Side,18.075,28.073,0.007,0.05,0.1,8.5,0.14,0.07,Group Crossing (>2 people),0,0
7,2700,90.09,South Kerb Side,18.075,28.087,0.007,0.05,0.1,8.4,0.14,0.07,Group Crossing (>2 people),0,0
7,2760,92.09,South Kerb Side,18.029,27.972,0.062,0.107,0.215,34.5,0.57,0.29,Group Crossing (>2 people),0,0
7,2820,94.09,South Kerb Side,18.043,27.979,0.008,0.05,0.1,9.3,0.16,0.08,Group Crossing (>2 people),0,0
7,2880,96.1,South Kerb Side,18.014,27.984,0.015,0.05,0.1,17.6,0.29,0.15,Group Crossing (>2 people),0,0
7,2940,98.1,South Kerb Side,18.049,27.959,0.022,0.052,0.103,25.2,0.42,0.21,Group Crossing (>2 people),0,0
7,3000,100.1,South Kerb Side,18.034,28.002,0.023,0.053,0.107,25.6,0.43,0.21,Group Crossing (>2 people),0,0
7,3060,102.1,South Kerb Side,18.042,27.991,0.007,0.05,0.1,8.1,0.14,0.07,Group Crossing (>2 people),0,0
7,3120,104.1,South Kerb Side,18.04,28.024,0.016,0.05,0.1,19.6,0.33,0.16,Group Crossing (>2 people),0,0
7,3180,106.11,South Kerb Side,18.042,27.998,0.013,0.05,0.1,15.6,0.26,0.13,Group Crossing (>2 people),0,0
7,3240,108.11,South Kerb Side,18.044,28.001,0.002,0.05,0.1,2.0,0.03,0.02,Group Crossing (>2 people),0,0
7,3360,112.11,South Kerb Side,18.052,28.051,0.013,0.05,0.1,15.3,0.26,0.13,Group Crossing (>2 people),0,0
7,3420,114.11,South Kerb Side,18.056,28.044,0.004,0.05,0.1,4.8,0.08,0.04,Group Crossing (>2 people),0,0
7,3540,118.12,South Kerb Side,18.034,28.005,0.011,0.05,0.1,13.4,0.22,0.11,Group Crossing (>2 people),0,0
7,3600,120.12,South Kerb Side,18.022,27.97,0.018,0.05,0.1,22.2,0.37,0.18,Group Crossing (>2 people),0,0
7,3660,122.12,South Kerb Side,18.076,28.101,0.071,0.118,0.236,35.9,0.6,0.3,Group Crossing (>2 people),0,0
7,3720,124.12,South Kerb Side,18.082,27.937,0.082,0.131,0.263,37.6,0.63,0.31,Group Crossing (>2 people),0,0
7,3780,126.13,South Kerb Side,18.045,28.051,0.06,0.105,0.21,34.2,0.57,0.28,Group Crossing (>2 people),0,0
7,3840,128.13,South Kerb Side,18.046,28.015,0.018,0.05,0.1,21.8,0.36,0.18,Group Crossing (>2 people),0,0
7,3900,130.13,South Kerb Side,18.042,28.026,0.006,0.05,0.1,6.8,0.11,0.06,Group Crossing (>2 people),0,0
7,3960,132.13,South Kerb Side,18.048,27.992,0.017,0.05,0.1,20.4,0.34,0.17,Group Crossing (>2 people),0,0
7,4020,134.13,South Kerb Side,18.061,27.968,0.014,0.05,0.1,16.5,0.28,0.14,Group Crossing (>2 people),0,0
7,4080,136.14,South Kerb Side,18.082,28.024,0.03,0.064,0.129,27.7,0.46,0.23,Group Crossing (>2 people),0,0
7,6120,204.2,South Kerb Side,18.095,27.981,0.001,0.05,0.1,1.2,0.02,0.01,Group Crossing (>2 people),0,0
7,6180,206.21,South Kerb Side,18.089,28.045,0.032,0.068,0.136,28.3,0.47,0.24,Group Crossing (>2 people),0,0
7,7920,264.26,South Kerb Side,18.065,28.07,0.001,0.05,0.1,1.2,0.02,0.01,Group Crossing (>2 people),0,0
7,7980,266.27,South Kerb Side,18.048,28.006,0.033,0.07,0.14,28.7,0.48,0.24,Group Crossing (>2 people),0,0
7,8100,270.27,South Kerb Side,18.07,28.037,0.01,0.05,0.1,11.6,0.19,0.1,Group Crossing (>2 people),0,0
7,8340,278.28,South Kerb Side,18.047,28.027,0.003,0.05,0.1,3.8,0.06,0.03,Group Crossing (>2 people),0,0
7,8400,280.28,South Kerb Side,18.043,28.042,0.008,0.05,0.1,9.4,0.16,0.08,Group Crossing (>2 people),0,0
7,8940,298.3,South Kerb Side,18.041,28.008,0.002,0.05,0.1,2.3,0.04,0.02,Group Crossing (>2 people),0,0
7,9000,300.3,South Kerb Side,18.056,28.049,0.022,0.052,0.103,25.2,0.42,0.21,Group Crossing (>2 people),0,0
7,9060,302.3,South Kerb Side,18.065,27.959,0.045,0.086,0.172,31.4,0.52,0.26,Group Crossing (>2 people),0,0
7,9240,308.31,South Kerb Side,18.037,27.994,0.007,0.05,0.1,8.9,0.15,0.07,Group Crossing (>2 people),0,0
7,9420,314.31,South Kerb Side,18.044,27.959,0.006,0.05,0.1,7.1,0.12,0.06,Group Crossing (>2 people),0,0
7,9540,318.32,South Kerb Side,18.03,27.961,0.003,0.05,0.1,4.1,0.07,0.03,Group Crossing (>2 people),0,0
7,9600,320.32,South Kerb Side,18.02,27.971,0.007,0.05,0.1,8.7,0.15,0.07,Group Crossing (>2 people),0,0
7,9660,322.32,South Kerb Side,18.02,27.953,0.009,0.05,0.1,10.9,0.18,0.09,Group Crossing (>2 people),0,0
7,9720,324.32,South Kerb Side,18.031,27.97,0.01,0.05,0.1,12.6,0.21,0.1,Group Crossing (>2 people),0,0
7,9780,326.33,South Kerb Side,18.048,27.999,0.017,0.05,0.1,20.0,0.33,0.17,Group Crossing (>2 people),0,0
7,9840,328.33,South Kerb Side,18.069,28.005,0.011,0.05,0.1,12.8,0.21,0.11,Group Crossing (>2 people),0,0
7,9900,330.33,South Kerb Side,18.095,28.034,0.019,0.05,0.1,23.2,0.39,0.19,Group Crossing (>2 people),0,0
7,9960,332.33,South Kerb Side,18.096,27.902,0.066,0.112,0.224,35.1,0.59,0.29,Group Crossing (>2 people),0,0
7,10020,334.33,South Kerb Side,18.07,28.063,0.081,0.13,0.26,37.4,0.62,0.31,Group Crossing (>2 people),0,0
7,10140,338.34,South Kerb Side,18.042,27.983,0.021,0.05,0.101,24.9,0.42,0.21,Group Crossing (>2 people),0,0
7,10200,340.34,South Kerb Side,18.019,27.938,0.025,0.058,0.116,26.4,0.44,0.22,Group Crossing (>2 people),0,0
7,10320,344.34,South Kerb Side,18.039,27.922,0.006,0.05,0.1,7.5,0.13,0.06,Group Crossing (>2 people),0,0
7,10380,346.35,South Kerb Side,18.012,27.89,0.021,0.05,0.1,24.7,0.41,0.21,Group Crossing (>2 people),0,0
7,10440,348.35,South Kerb Side,18.03,27.923,0.019,0.05,0.1,22.6,0.38,0.19,Group Crossing (>2 people),0,0
7,10560,352.35,South Kerb Side,18.032,27.893,0.007,0.05,0.1,9.0,0.15,0.07,Group Crossing (>2 people),0,0
7,10620,354.35,South Kerb Side,18.049,27.936,0.023,0.054,0.108,25.6,0.43,0.21,Group Crossing (>2 people),0,0
7,10680,356.36,South Kerb Side,18.016,27.933,0.017,0.05,0.1,20.2,0.34,0.17,Group Crossing (>2 people),0,0
7,10800,360.36,South Kerb Side,18.06,28.042,0.03,0.064,0.128,27.6,0.46,0.23,Group Crossing (>2 people),0,0
7,10860,362.36,South Kerb Side,18.085,28.058,0.015,0.05,0.1,17.7,0.29,0.15,Group Crossing (>2 people),0,0
7,10980,366.37,South Kerb Side,18.058,28.047,0.007,0.05,0.1,8.6,0.14,0.07,Group Crossing (>2 people),0,0
7,11040,368.37,South Kerb Side,18.096,28.097,0.031,0.067,0.133,28.1,0.47,0.23,Group Crossing (>2 people),0,0
7,11100,370.37,South Kerb Side,18.097,28.061,0.018,0.05,0.1,21.8,0.36,0.18,Group Crossing (>2 people),0,0
7,11640,388.39,South Kerb Side,18.03,27.952,0.007,0.05,0.1,8.5,0.14,0.07,Group Crossing (>2 people),0,0
7,11700,390.39,South Kerb Side,18.037,27.974,0.011,0.05,0.1,13.7,0.23,0.11,Group Crossing (>2 people),0,0
7,12120,404.4,South Kerb Side,18.035,27.969,0.0,0.05,0.1,1.2,0.02,0.01,Group Crossing (>2 people),0,0
7,12300,410.41,South Kerb Side,18.006,28.063,0.016,0.05,0.1,19.6,0.33,0.16,Group Crossing (>2 people),0,0
7,13080,436.44,South Kerb Side,17.96,28.161,0.004,0.05,0.1,5.0,0.08,0.04,Group Crossing (>2 people),0,0
7,13500,450.45,South Kerb Side,18.004,28.404,0.018,0.05,0.1,21.1,0.35,0.18,Group Crossing (>2 people),0,0
7,13560,452.45,South Kerb Side,17.996,28.389,0.009,0.05,0.1,10.4,0.17,0.09,Group Crossing (>2 people),0,0
7,13620,454.45,South Kerb Side,17.985,28.15,0.12,0.171,0.342,42.1,0.7,0.35,Group Crossing (>2 people),0,0
7,13740,458.46,South Kerb Side,17.982,28.539,0.097,0.148,0.295,39.5,0.66,0.33,Group Crossing (>2 people),0,0
7,14100,470.47,South Kerb Side,17.986,28.247,0.024,0.056,0.112,26.1,0.43,0.22,Group Crossing (>2 people),0,0
7,14160,472.47,South Kerb Side,17.993,28.475,0.114,0.165,0.33,41.4,0.69,0.35,Group Crossing (>2 people),0,0
7,14220,474.47,South Kerb Side,17.985,28.53,0.028,0.061,0.123,27.1,0.45,0.23,Group Crossing (>2 people),0,0
7,14400,480.48,South Kerb Side,17.99,28.508,0.004,0.05,0.1,4.7,0.08,0.04,Group Crossing (>2 people),0,0
7,14520,484.48,South Kerb Side,17.993,28.342,0.041,0.081,0.162,30.6,0.51,0.25,Group Crossing (>2 people),0,0
7,14580,486.49,South Kerb Side,17.988,28.213,0.065,0.111,0.222,34.9,0.58,0.29,Group Crossing (>2 people),0,0
7,14640,488.49,South Kerb Side,17.985,28.282,0.035,0.072,0.144,29.1,0.48,0.24,Group Crossing (>2 people),0,0
7,14760,492.49,South Kerb Side,17.971,28.472,0.048,0.089,0.179,31.9,0.53,0.27,Group Crossing (>2 people),0,0
7,15180,506.51,South Kerb Side,17.994,28.498,0.002,0.05,0.1,3.0,0.05,0.02,Group Crossing (>2 people),0,0
7,16020,534.53,South Kerb Side,18.073,28.6,0.005,0.05,0.1,5.5,0.09,0.05,Group Crossing (>2 people),0,0
7,16200,540.54,South Kerb Side,18.086,28.629,0.005,0.05,0.1,6.3,0.11,0.05,Group Crossing (>2 people),0,0
9,3960,132.13,Median Side,45.519,15.377,0.005,0.05,0.1,6.1,0.1,0.05,Single Pedestrian Crossing,0,0
9,4080,136.14,Median Side,45.534,15.392,0.005,0.05,0.1,6.1,0.1,0.05,Single Pedestrian Crossing,0,0
9,4320,144.14,Median Side,45.51,15.351,0.006,0.05,0.1,7.1,0.12,0.06,Single Pedestrian Crossing,0,0
9,4380,146.15,Median Side,45.531,15.345,0.011,0.05,0.1,12.8,0.21,0.11,Single Pedestrian Crossing,0,0
13,6660,222.22,South Kerb Side,18.062,28.829,0.05,0.093,0.185,32.4,0.54,0.27,Group Crossing (>2 people),0,0
13,6720,224.22,South Kerb Side,18.044,28.731,0.05,0.093,0.185,32.4,0.54,0.27,Group Crossing (>2 people),0,0
13,7080,236.24,South Kerb Side,18.074,28.799,0.006,0.05,0.1,7.4,0.12,0.06,Group Crossing (>2 people),0,0
13,7200,240.24,South Kerb Side,18.011,28.752,0.02,0.05,0.1,23.6,0.39,0.2,Group Crossing (>2 people),0,0
13,7260,242.24,South Kerb Side,18.008,28.755,0.002,0.05,0.1,2.1,0.03,0.02,Group Crossing (>2 people),0,0
14,7980,266.27,North Kerb Side,15.974,5.274,0.004,0.05,0.1,5.0,0.08,0.04,Single Pedestrian Crossing,0,0
14,8100,270.27,North Kerb Side,15.973,5.257,0.004,0.05,0.1,5.0,0.08,0.04,Single Pedestrian Crossing,0,0
14,8220,274.27,North Kerb Side,15.974,5.28,0.006,0.05,0.1,6.9,0.11,0.06,Single Pedestrian Crossing,0,0
14,8460,282.28,North Kerb Side,15.972,5.331,0.006,0.05,0.1,7.6,0.13,0.06,Single Pedestrian Crossing,0,0
14,8760,292.29,North Kerb Side,15.97,5.298,0.003,0.05,0.1,3.9,0.07,0.03,Single Pedestrian Crossing,0,0
14,9120,304.3,North Kerb Side,15.99,5.318,0.002,0.05,0.1,2.8,0.05,0.02,Single Pedestrian Crossing,0,0
14,9180,306.31,North Kerb Side,15.98,5.309,0.007,0.05,0.1,7.9,0.13,0.07,Single Pedestrian Crossing,0,0
14,9240,308.31,North Kerb Side,15.975,5.271,0.019,0.05,0.1,22.9,0.38,0.19,Single Pedestrian Crossing,0,0
14,9600,320.32,North Kerb Side,15.983,5.237,0.003,0.05,0.1,3.5,0.06,0.03,Single Pedestrian Crossing,0,0
14,9720,324.32,North Kerb Side,15.996,5.25,0.005,0.05,0.1,5.6,0.09,0.05,Single Pedestrian Crossing,0,0
14,10320,344.34,North Kerb Side,16.034,5.268,0.002,0.05,0.1,2.5,0.04,0.02,Single Pedestrian Crossing,0,0
14,10440,348.35,North Kerb Side,16.04,5.274,0.002,0.05,0.1,2.6,0.04,0.02,Single Pedestrian Crossing,0,0
15,8400,280.28,South Kerb Side,23.379,25.959,0.002,0.05,0.1,2.4,0.04,0.02,Single Pedestrian Crossing,0,0
15,8700,290.29,South Kerb Side,23.381,25.979,0.002,0.05,0.1,2.4,0.04,0.02,Single Pedestrian Crossing,0,0
15,9720,324.32,South Kerb Side,23.404,25.903,0.002,0.05,0.1,2.8,0.05,0.02,Single Pedestrian Crossing,0,0
16,8820,294.29,Median Side,46.392,15.155,0.006,0.05,0.1,7.2,0.12,0.06,Single Pedestrian Crossing,0,0
16,8880,296.3,Median Side,46.39,15.143,0.006,0.05,0.1,7.2,0.12,0.06,Single Pedestrian Crossing,0,0
16,9000,300.3,Median Side,46.393,15.137,0.002,0.05,0.1,2.1,0.04,0.02,Single Pedestrian Crossing,0,0
16,9060,302.3,Median Side,46.392,15.148,0.006,0.05,0.1,6.9,0.12,0.06,Single Pedestrian Crossing,0,0
16,9120,304.3,Median Side,46.406,15.184,0.019,0.05,0.1,23.3,0.39,0.19,Single Pedestrian Crossing,0,0
16,9180,306.31,Median Side,46.412,15.04,0.072,0.119,0.239,36.1,0.6,0.3,Single Pedestrian Crossing,0,0
16,9240,308.31,Median Side,46.401,15.094,0.027,0.061,0.121,27.0,0.45,0.22,Single Pedestrian Crossing,0,0
16,9360,312.31,Median Side,46.414,15.093,0.003,0.05,0.1,3.7,0.06,0.03,Single Pedestrian Crossing,0,0
16,9480,316.32,Median Side,46.389,15.142,0.014,0.05,0.1,16.5,0.28,0.14,Single Pedestrian Crossing,0,0
16,9660,322.32,Median Side,46.39,15.107,0.006,0.05,0.1,7.0,0.12,0.06,Single Pedestrian Crossing,0,0
16,9720,324.32,Median Side,46.411,15.102,0.011,0.05,0.1,13.3,0.22,0.11,Single Pedestrian Crossing,0,0
16,9900,330.33,Median Side,46.403,15.15,0.008,0.05,0.1,9.6,0.16,0.08,Single Pedestrian Crossing,0,0
16,10140,338.34,Median Side,46.396,15.127,0.003,0.05,0.1,3.5,0.06,0.03,Single Pedestrian Crossing,0,0
16,10200,340.34,Median Side,46.411,15.122,0.008,0.05,0.1,9.5,0.16,0.08,Single Pedestrian Crossing,0,0
16,10260,342.34,Median Side,46.398,15.1,0.013,0.05,0.1,15.7,0.26,0.13,Single Pedestrian Crossing,0,0
16,10380,346.35,Median Side,46.415,15.045,0.014,0.05,0.1,17.3,0.29,0.14,Single Pedestrian Crossing,0,0
16,10440,348.35,Median Side,46.418,15.055,0.005,0.05,0.1,6.5,0.11,0.05,Single Pedestrian Crossing,0,0
16,10620,354.35,Median Side,46.395,15.104,0.009,0.05,0.1,10.8,0.18,0.09,Single Pedestrian Crossing,0,0
16,11160,372.37,Median Side,46.369,15.152,0.003,0.05,0.1,3.6,0.06,0.03,Single Pedestrian Crossing,0,0
16,11400,380.38,Median Side,46.342,15.16,0.004,0.05,0.1,4.2,0.07,0.04,Single Pedestrian Crossing,0,0
16,11460,382.38,Median Side,46.351,15.188,0.015,0.05,0.1,17.8,0.3,0.15,Single Pedestrian Crossing,0,0
17,9420,314.31,Median Side,36.324,20.433,0.028,0.062,0.124,27.3,0.45,0.23,Single Pedestrian Crossing,1,0
17,9480,316.32,Median Side,36.269,20.447,0.028,0.062,0.124,27.3,0.45,0.23,Single Pedestrian Crossing,1,0
17,9540,318.32,Median Side,36.354,20.955,0.258,0.312,0.624,49.6,0.83,0.41,Single Pedestrian Crossing,1,0
17,9600,320.32,Median Side,36.341,20.66,0.148,0.198,0.396,44.8,0.75,0.37,Single Pedestrian Crossing,1,0
18,10320,344.34,South Kerb Side,34.479,24.865,0.068,0.115,0.229,35.4,0.59,0.3,Single Pedestrian Crossing,1,0
18,10380,346.35,South Kerb Side,34.424,24.99,0.068,0.115,0.229,35.4,0.59,0.3,Single Pedestrian Crossing,1,0
18,10440,348.35,South Kerb Side,34.409,25.088,0.05,0.092,0.185,32.3,0.54,0.27,Single Pedestrian Crossing,1,0
20,10680,356.36,Median Side,33.057,11.968,0.008,0.05,0.1,10.0,0.17,0.08,Single Pedestrian Crossing,0,0
20,10740,358.36,Median Side,33.049,11.982,0.008,0.05,0.1,10.0,0.17,0.08,Single Pedestrian Crossing,0,0
20,10800,360.36,Median Side,33.073,11.982,0.012,0.05,0.1,14.3,0.24,0.12,Single Pedestrian Crossing,0,0
21,11220,374.37,South Kerb Side,39.4,28.515,0.009,0.05,0.1,10.8,0.18,0.09,Single Pedestrian Crossing,0,0
21,11580,386.39,South Kerb Side,39.31,28.456,0.009,0.05,0.1,10.8,0.18,0.09,Single Pedestrian Crossing,0,0
21,13020,434.43,South Kerb Side,39.206,28.423,0.002,0.05,0.1,2.7,0.05,0.02,Single Pedestrian Crossing,0,0
24,12240,408.41,North Kerb Side,15.971,5.275,0.0,0.05,0.1,1.2,0.02,0.01,Single Pedestrian Crossing,0,0
24,13080,436.44,North Kerb Side,15.978,5.265,0.0,0.05,0.1,1.2,0.02,0.01,Single Pedestrian Crossing,0,0
24,13140,438.44,North Kerb Side,15.982,5.287,0.011,0.05,0.1,13.3,0.22,0.11,Single Pedestrian Crossing,0,0
24,13620,454.45,North Kerb Side,15.975,5.283,0.001,0.05,0.1,1.2,0.02,0.01,Single Pedestrian Crossing,0,0
24,13740,458.46,North Kerb Side,16.002,5.298,0.008,0.05,0.1,9.3,0.15,0.08,Single Pedestrian Crossing,0,0
25,17700,590.59,Median Side,45.248,15.406,0.02,0.05,0.1,23.5,0.39,0.2,Single Pedestrian Crossing,0,0
25,17760,592.59,Median Side,45.228,15.44,0.02,0.05,0.1,23.5,0.39,0.2,Single Pedestrian Crossing,0,0
25,17820,594.59,Median Side,45.267,15.399,0.028,0.062,0.124,27.2,0.45,0.23,Single Pedestrian Crossing,0,0
26,17760,592.59,South Kerb Side,28.892,29.749,0.01,0.05,0.1,12.1,0.2,0.1,Single Pedestrian Crossing,0,0
26,17940,598.6,South Kerb Side,28.833,29.732,0.01,0.05,0.1,12.1,0.2,0.1,Single Pedestrian Crossing,0,0
26,18060,602.6,South Kerb Side,28.848,29.73,0.004,0.05,0.1,4.6,0.08,0.04,Single Pedestrian Crossing,0,0
26,18180,606.61,South Kerb Side,28.887,29.698,0.013,0.05,0.1,15.0,0.25,0.13,Single Pedestrian Crossing,0,0
26,18360,612.61,South Kerb Side,28.876,29.693,0.002,0.05,0.1,2.6,0.04,0.02,Single Pedestrian Crossing,0,0
26,18420,614.61,South Kerb Side,28.874,29.716,0.011,0.05,0.1,13.6,0.23,0.11,Single Pedestrian Crossing,0,0
29,19380,646.65,North Kerb Side,36.817,1.394,0.018,0.05,0.1,22.0,0.37,0.18,Single Pedestrian Crossing,0,0
29,19440,648.65,North Kerb Side,36.853,1.4,0.018,0.05,0.1,22.0,0.37,0.18,Single Pedestrian Crossing,0,0
29,19500,650.65,North Kerb Side,36.845,1.303,0.048,0.091,0.181,32.0,0.53,0.27,Single Pedestrian Crossing,0,0
33,22200,740.74,Median Side,39.04,14.677,0.019,0.05,0.1,22.6,0.38,0.19,Single Pedestrian Crossing,0,0
33,22260,742.74,Median Side,39.077,14.685,0.019,0.05,0.1,22.6,0.38,0.19,Single Pedestrian Crossing,0,0
33,22320,744.74,Median Side,39.067,14.7,0.009,0.05,0.1,10.7,0.18,0.09,Single Pedestrian Crossing,0,0
35,23040,768.77,South Kerb Side,17.919,27.969,0.042,0.081,0.163,30.6,0.51,0.26,Group Crossing (>2 people),0,0
35,23100,770.77,South Kerb Side,17.934,27.887,0.042,0.081,0.163,30.6,0.51,0.26,Group Crossing (>2 people),0,0
35,23160,772.77,South Kerb Side,17.914,27.856,0.018,0.05,0.1,22.1,0.37,0.18,Group Crossing (>2 people),0,0
35,23220,774.77,South Kerb Side,17.916,27.827,0.015,0.05,0.1,17.5,0.29,0.15,Group Crossing (>2 people),0,0
35,23460,782.78,South Kerb Side,17.891,27.697,0.017,0.05,0.1,19.9,0.33,0.17,Group Crossing (>2 people),0,0
35,23700,790.79,South Kerb Side,17.939,27.705,0.006,0.05,0.1,7.3,0.12,0.06,Group Crossing (>2 people),0,0
35,23880,796.8,South Kerb Side,17.861,27.663,0.015,0.05,0.1,17.6,0.29,0.15,Group Crossing (>2 people),0,0
35,24060,802.8,South Kerb Side,17.871,27.691,0.005,0.05,0.1,5.9,0.1,0.05,Group Crossing (>2 people),0,0
35,24240,808.81,South Kerb Side,17.893,27.621,0.012,0.05,0.1,14.5,0.24,0.12,Group Crossing (>2 people),0,0
35,24420,814.81,South Kerb Side,17.857,27.699,0.014,0.05,0.1,17.1,0.29,0.14,Group Crossing (>2 people),0,0
35,24540,818.82,South Kerb Side,17.868,27.683,0.005,0.05,0.1,5.8,0.1,0.05,Group Crossing (>2 people),0,0
35,24600,820.82,South Kerb Side,17.888,27.706,0.015,0.05,0.1,18.4,0.31,0.15,Group Crossing (>2 people),0,0
35,25500,850.85,South Kerb Side,17.892,27.741,0.001,0.05,0.1,1.4,0.02,0.01,Group Crossing (>2 people),0,0
35,25560,852.85,South Kerb Side,17.865,27.694,0.027,0.06,0.121,26.9,0.45,0.22,Group Crossing (>2 people),0,0
35,25680,856.86,South Kerb Side,17.869,27.811,0.029,0.064,0.127,27.5,0.46,0.23,Group Crossing (>2 people),0,0
35,25920,864.86,South Kerb Side,17.896,27.782,0.005,0.05,0.1,5.9,0.1,0.05,Group Crossing (>2 people),0,0
35,25980,866.87,South Kerb Side,17.881,27.724,0.03,0.065,0.13,27.8,0.46,0.23,Group Crossing (>2 people),0,0
35,26100,870.87,South Kerb Side,17.923,27.783,0.018,0.05,0.1,21.9,0.36,0.18,Group Crossing (>2 people),0,0
35,26160,872.87,South Kerb Side,17.936,27.847,0.033,0.069,0.138,28.5,0.47,0.24,Group Crossing (>2 people),0,0
35,26220,874.87,South Kerb Side,17.88,27.77,0.048,0.09,0.18,31.9,0.53,0.27,Group Crossing (>2 people),0,0
35,26520,884.88,South Kerb Side,17.909,27.908,0.014,0.05,0.1,17.0,0.28,0.14,Group Crossing (>2 people),0,0
35,26580,886.89,South Kerb Side,17.876,28.357,0.224,0.289,0.579,46.4,0.77,0.39,Group Crossing (>2 people),0,0
35,27000,900.9,South Kerb Side,17.903,28.491,0.01,0.05,0.1,11.7,0.2,0.1,Group Crossing (>2 people),0,0
35,27420,914.91,South Kerb Side,17.855,28.468,0.004,0.05,0.1,4.6,0.08,0.04,Group Crossing (>2 people),0,0
35,27840,928.93,South Kerb Side,17.858,28.556,0.006,0.05,0.1,7.5,0.13,0.06,Group Crossing (>2 people),0,0
35,28020,934.93,South Kerb Side,17.835,28.584,0.006,0.05,0.1,7.3,0.12,0.06,Group Crossing (>2 people),0,0
35,28260,942.94,South Kerb Side,17.848,28.537,0.006,0.05,0.1,7.4,0.12,0.06,Group Crossing (>2 people),0,0
35,28320,944.94,South Kerb Side,17.847,28.407,0.065,0.112,0.223,35.0,0.58,0.29,Group Crossing (>2 people),0,0
35,28500,950.95,South Kerb Side,17.856,28.464,0.01,0.05,0.1,11.6,0.19,0.1,Group Crossing (>2 people),0,0
35,28560,952.95,South Kerb Side,17.835,28.359,0.054,0.097,0.194,33.0,0.55,0.28,Group Crossing (>2 people),0,0
35,28620,954.95,South Kerb Side,17.851,28.45,0.046,0.088,0.176,31.6,0.53,0.26,Group Crossing (>2 people),0,0
35,28920,964.96,South Kerb Side,17.855,28.443,0.001,0.05,0.1,1.2,0.02,0.01,Group Crossing (>2 people),0,0
35,30180,1007.01,South Kerb Side,17.866,28.461,0.0,0.05,0.1,1.2,0.02,0.01,Group Crossing (>2 people),0,0
35,30240,1009.01,South Kerb Side,17.848,28.393,0.035,0.072,0.144,29.0,0.48,0.24,Group Crossing (>2 people),0,0
35,30300,1011.01,South Kerb Side,17.862,28.204,0.095,0.145,0.29,39.2,0.65,0.33,Group Crossing (>2 people),0,0
35,30540,1019.02,South Kerb Side,17.853,28.45,0.031,0.066,0.132,28.0,0.47,0.23,Group Crossing (>2 people),0,0
35,30600,1021.02,South Kerb Side,17.842,28.357,0.047,0.089,0.177,31.7,0.53,0.26,Group Crossing (>2 people),0,0
35,30840,1029.03,South Kerb Side,17.883,28.416,0.009,0.05,0.1,10.7,0.18,0.09,Group Crossing (>2 people),0,0
35,31020,1035.03,South Kerb Side,17.86,28.399,0.005,0.05,0.1,5.7,0.1,0.05,Group Crossing (>2 people),0,0
35,33300,1111.11,South Kerb Side,17.866,28.495,0.001,0.05,0.1,1.5,0.03,0.01,Group Crossing (>2 people),0,0
35,33480,1117.12,South Kerb Side,17.864,28.453,0.007,0.05,0.1,8.3,0.14,0.07,Group Crossing (>2 people),0,0
35,34560,1153.15,South Kerb Side,17.832,28.455,0.001,0.05,0.1,1.2,0.02,0.01,Group Crossing (>2 people),0,0
35,34680,1157.16,South Kerb Side,17.854,28.429,0.008,0.05,0.1,10.0,0.17,0.08,Group Crossing (>2 people),0,0
35,34740,1159.16,South Kerb Side,17.853,28.44,0.005,0.05,0.1,6.1,0.1,0.05,Group Crossing (>2 people),0,0
35,35580,1187.19,South Kerb Side,17.796,28.214,0.008,0.05,0.1,9.9,0.17,0.08,Group Crossing (>2 people),0,0
35,36000,1201.2,South Kerb Side,17.802,27.893,0.023,0.054,0.107,25.6,0.43,0.21,Group Crossing (>2 people),0,0
37,25020,834.83,North Kerb Side,36.505,2.808,0.026,0.059,0.118,26.7,0.45,0.22,Single Pedestrian Crossing,0,0
37,25080,836.84,North Kerb Side,36.452,2.81,0.026,0.059,0.118,26.7,0.45,0.22,Single Pedestrian Crossing,0,0
37,25140,838.84,North Kerb Side,36.497,2.783,0.026,0.059,0.117,26.6,0.44,0.22,Single Pedestrian Crossing,0,0
37,25200,840.84,North Kerb Side,36.439,2.833,0.038,0.076,0.153,29.8,0.5,0.25,Single Pedestrian Crossing,0,0
37,25260,842.84,North Kerb Side,36.441,2.795,0.019,0.05,0.1,22.7,0.38,0.19,Single Pedestrian Crossing,0,0
37,25320,844.84,North Kerb Side,36.446,2.845,0.025,0.057,0.114,26.3,0.44,0.22,Single Pedestrian Crossing,0,0
38,26160,872.87,Median Side,34.779,19.906,0.035,0.072,0.145,29.1,0.49,0.24,Single Pedestrian Crossing,1,0
38,26220,874.87,Median Side,34.743,19.845,0.035,0.072,0.145,29.1,0.49,0.24,Single Pedestrian Crossing,1,0
38,26340,878.88,Median Side,34.794,19.921,0.023,0.053,0.107,25.6,0.43,0.21,Single Pedestrian Crossing,1,0
41,27840,928.93,Median Side,45.556,15.406,0.01,0.05,0.1,11.5,0.19,0.1,Single Pedestrian Crossing,0,0
41,27900,930.93,Median Side,45.542,15.393,0.01,0.05,0.1,11.5,0.19,0.1,Single Pedestrian Crossing,0,0
41,27960,932.93,Median Side,45.544,15.386,0.004,0.05,0.1,4.3,0.07,0.04,Single Pedestrian Crossing,0,0
41,28020,934.93,Median Side,45.552,15.38,0.005,0.05,0.1,6.0,0.1,0.05,Single Pedestrian Crossing,0,0
41,28140,938.94,Median Side,45.475,15.4,0.02,0.05,0.1,23.7,0.4,0.2,Single Pedestrian Crossing,0,0
42,28140,938.94,Median Side,32.016,19.207,0.059,0.104,0.209,34.0,0.57,0.28,Single Pedestrian Crossing,1,0
42,28200,940.94,Median Side,31.983,19.094,0.059,0.104,0.209,34.0,0.57,0.28,Single Pedestrian Crossing,1,0
42,28260,942.94,Median Side,31.996,19.077,0.011,0.05,0.1,12.7,0.21,0.11,Single Pedestrian Crossing,1,0
42,28320,944.94,Median Side,32.01,19.202,0.063,0.109,0.217,34.7,0.58,0.29,Single Pedestrian Crossing,1,0
42,28500,950.95,Median Side,31.955,19.049,0.027,0.06,0.12,26.9,0.45,0.22,Single Pedestrian Crossing,1,0
42,28560,952.95,Median Side,31.981,18.988,0.033,0.069,0.139,28.6,0.48,0.24,Single Pedestrian Crossing,1,0
42,28620,954.95,Median Side,31.989,19.039,0.026,0.058,0.117,26.6,0.44,0.22,Single Pedestrian Crossing,1,0
42,28680,956.96,Median Side,31.898,19.036,0.045,0.086,0.173,31.4,0.52,0.26,Single Pedestrian Crossing,1,0
42,28920,964.96,Median Side,32.001,18.947,0.017,0.05,0.1,20.5,0.34,0.17,Single Pedestrian Crossing,1,0
42,32460,1083.08,Median Side,32.184,18.118,0.007,0.05,0.1,8.6,0.14,0.07,Single Pedestrian Crossing,1,0
43,28800,960.96,Median Side,34.617,21.191,0.163,0.245,0.49,40.0,0.67,0.33,Single Pedestrian Crossing,1,0
43,28860,962.96,Median Side,34.652,20.866,0.163,0.245,0.49,40.0,0.67,0.33,Single Pedestrian Crossing,1,0
43,28920,964.96,Median Side,34.667,20.727,0.07,0.117,0.234,35.8,0.6,0.3,Single Pedestrian Crossing,1,0
45,29340,978.98,North Kerb Side,9.469,4.679,0.015,0.05,0.1,18.6,0.31,0.15,Single Pedestrian Crossing,0,0
45,29400,980.98,North Kerb Side,9.439,4.677,0.015,0.05,0.1,18.6,0.31,0.15,Single Pedestrian Crossing,0,0
45,29520,984.98,North Kerb Side,9.418,4.735,0.015,0.05,0.1,18.3,0.31,0.15,Single Pedestrian Crossing,0,0
45,29580,986.99,North Kerb Side,9.425,4.729,0.005,0.05,0.1,5.6,0.09,0.05,Single Pedestrian Crossing,0,0
45,29640,988.99,North Kerb Side,9.411,4.731,0.007,0.05,0.1,8.2,0.14,0.07,Single Pedestrian Crossing,0,0
45,29700,990.99,North Kerb Side,9.381,4.73,0.015,0.05,0.1,18.3,0.31,0.15,Single Pedestrian Crossing,0,0
45,29760,992.99,North Kerb Side,9.402,4.739,0.012,0.05,0.1,14.0,0.23,0.12,Single Pedestrian Crossing,0,0
45,29820,994.99,North Kerb Side,9.413,4.723,0.01,0.05,0.1,11.6,0.19,0.1,Single Pedestrian Crossing,0,0
45,29880,997.0,North Kerb Side,9.412,4.737,0.007,0.05,0.1,8.1,0.14,0.07,Single Pedestrian Crossing,0,0
45,29940,999.0,North Kerb Side,9.418,4.76,0.012,0.05,0.1,14.4,0.24,0.12,Single Pedestrian Crossing,0,0
45,30000,1001.0,North Kerb Side,9.411,4.72,0.02,0.05,0.1,24.1,0.4,0.2,Single Pedestrian Crossing,0,0
45,30120,1005.0,North Kerb Side,9.44,4.826,0.027,0.061,0.122,27.0,0.45,0.23,Single Pedestrian Crossing,0,0
45,30240,1009.01,North Kerb Side,9.441,4.724,0.025,0.058,0.115,26.4,0.44,0.22,Single Pedestrian Crossing,0,0
45,30300,1011.01,North Kerb Side,9.442,4.73,0.003,0.05,0.1,3.4,0.06,0.03,Single Pedestrian Crossing,0,0
45,30360,1013.01,North Kerb Side,9.442,4.711,0.009,0.05,0.1,11.1,0.19,0.09,Single Pedestrian Crossing,0,0
45,30420,1015.01,North Kerb Side,9.413,4.682,0.02,0.05,0.1,24.5,0.41,0.2,Single Pedestrian Crossing,0,0
45,30480,1017.02,North Kerb Side,9.414,4.702,0.01,0.05,0.1,11.6,0.19,0.1,Single Pedestrian Crossing,0,0
45,30540,1019.02,North Kerb Side,9.411,4.676,0.013,0.05,0.1,15.3,0.26,0.13,Single Pedestrian Crossing,0,0
45,30600,1021.02,North Kerb Side,9.418,4.647,0.015,0.05,0.1,18.1,0.3,0.15,Single Pedestrian Crossing,0,0
45,30720,1025.02,North Kerb Side,9.437,4.655,0.005,0.05,0.1,6.2,0.1,0.05,Single Pedestrian Crossing,0,0
45,30780,1027.03,North Kerb Side,9.464,4.686,0.02,0.05,0.1,24.5,0.41,0.2,Single Pedestrian Crossing,0,0
45,30840,1029.03,North Kerb Side,9.456,4.665,0.011,0.05,0.1,13.2,0.22,0.11,Single Pedestrian Crossing,0,0
45,30900,1031.03,North Kerb Side,9.453,4.664,0.002,0.05,0.1,2.1,0.04,0.02,Single Pedestrian Crossing,0,0
45,31080,1037.04,North Kerb Side,9.436,4.667,0.003,0.05,0.1,3.5,0.06,0.03,Single Pedestrian Crossing,0,0
45,31200,1041.04,North Kerb Side,9.417,4.641,0.008,0.05,0.1,9.5,0.16,0.08,Single Pedestrian Crossing,0,0
45,31260,1043.04,North Kerb Side,9.398,4.677,0.02,0.05,0.1,24.0,0.4,0.2,Single Pedestrian Crossing,0,0
45,31320,1045.04,North Kerb Side,9.372,4.651,0.019,0.05,0.1,22.3,0.37,0.19,Single Pedestrian Crossing,0,0
45,31380,1047.05,North Kerb Side,9.377,4.659,0.005,0.05,0.1,5.6,0.09,0.05,Single Pedestrian Crossing,0,0
45,31440,1049.05,North Kerb Side,9.355,4.659,0.011,0.05,0.1,13.0,0.22,0.11,Single Pedestrian Crossing,0,0
45,31500,1051.05,North Kerb Side,9.334,4.725,0.035,0.072,0.143,29.0,0.48,0.24,Single Pedestrian Crossing,0,0
45,31560,1053.05,North Kerb Side,9.333,4.71,0.008,0.05,0.1,9.2,0.15,0.08,Single Pedestrian Crossing,0,0
45,31620,1055.05,North Kerb Side,9.343,4.683,0.014,0.05,0.1,17.0,0.28,0.14,Single Pedestrian Crossing,0,0
45,31740,1059.06,North Kerb Side,9.348,4.741,0.015,0.05,0.1,17.6,0.29,0.15,Single Pedestrian Crossing,0,0
45,31860,1063.06,North Kerb Side,9.306,4.781,0.015,0.05,0.1,17.4,0.29,0.15,Single Pedestrian Crossing,0,0
45,31920,1065.06,North Kerb Side,9.343,4.701,0.044,0.085,0.17,31.2,0.52,0.26,Single Pedestrian Crossing,0,0
45,32040,1069.07,North Kerb Side,9.328,4.679,0.007,0.05,0.1,8.1,0.13,0.07,Single Pedestrian Crossing,0,0
45,32100,1071.07,North Kerb Side,9.324,4.684,0.003,0.05,0.1,4.0,0.07,0.03,Single Pedestrian Crossing,0,0
45,32160,1073.07,North Kerb Side,9.349,4.68,0.013,0.05,0.1,15.4,0.26,0.13,Single Pedestrian Crossing,0,0
45,32220,1075.07,North Kerb Side,9.35,4.68,0.0,0.05,0.1,1.2,0.02,0.01,Single Pedestrian Crossing,0,0
45,32280,1077.08,North Kerb Side,9.348,4.66,0.01,0.05,0.1,11.9,0.2,0.1,Single Pedestrian Crossing,0,0
45,32340,1079.08,North Kerb Side,9.358,4.641,0.01,0.05,0.1,12.6,0.21,0.1,Single Pedestrian Crossing,0,0
45,32400,1081.08,North Kerb Side,9.364,4.695,0.027,0.06,0.12,26.9,0.45,0.22,Single Pedestrian Crossing,0,0
45,32460,1083.08,North Kerb Side,9.378,4.733,0.02,0.05,0.1,24.4,0.41,0.2,Single Pedestrian Crossing,0,0
45,32520,1085.08,North Kerb Side,9.363,4.789,0.029,0.063,0.127,27.5,0.46,0.23,Single Pedestrian Crossing,0,0
45,32580,1087.09,North Kerb Side,9.342,4.749,0.023,0.053,0.107,25.6,0.43,0.21,Single Pedestrian Crossing,0,0
45,32640,1089.09,North Kerb Side,9.354,4.779,0.016,0.05,0.1,19.7,0.33,0.16,Single Pedestrian Crossing,0,0
45,32700,1091.09,North Kerb Side,9.357,4.773,0.003,0.05,0.1,3.9,0.06,0.03,Single Pedestrian Crossing,0,0
45,32760,1093.09,North Kerb Side,9.344,4.785,0.009,0.05,0.1,10.7,0.18,0.09,Single Pedestrian Crossing,0,0
45,33540,1119.12,North Kerb Side,9.312,4.739,0.002,0.05,0.1,2.6,0.04,0.02,Single Pedestrian Crossing,0,0
45,33600,1121.12,North Kerb Side,9.36,4.672,0.041,0.081,0.162,30.5,0.51,0.25,Single Pedestrian Crossing,0,0
45,33660,1123.12,North Kerb Side,9.363,4.661,0.006,0.05,0.1,6.8,0.11,0.06,Single Pedestrian Crossing,0,0
45,33720,1125.12,North Kerb Side,9.358,4.639,0.012,0.05,0.1,14.1,0.23,0.12,Single Pedestrian Crossing,0,0
45,33780,1127.13,North Kerb Side,9.375,4.636,0.009,0.05,0.1,10.7,0.18,0.09,Single Pedestrian Crossing,0,0
45,33960,1133.13,North Kerb Side,9.409,4.651,0.006,0.05,0.1,7.3,0.12,0.06,Single Pedestrian Crossing,0,0
45,34020,1135.13,North Kerb Side,9.422,4.662,0.009,0.05,0.1,10.6,0.18,0.09,Single Pedestrian Crossing,0,0
45,34080,1137.14,North Kerb Side,9.429,4.677,0.008,0.05,0.1,9.8,0.16,0.08,Single Pedestrian Crossing,0,0
45,34140,1139.14,North Kerb Side,9.41,4.648,0.018,0.05,0.1,21.0,0.35,0.18,Single Pedestrian Crossing,0,0
45,34320,1145.14,North Kerb Side,9.402,4.675,0.005,0.05,0.1,5.7,0.1,0.05,Single Pedestrian Crossing,0,0
45,34380,1147.15,North Kerb Side,9.415,4.692,0.011,0.05,0.1,12.7,0.21,0.11,Single Pedestrian Crossing,0,0
45,34440,1149.15,North Kerb Side,9.402,4.733,0.021,0.051,0.102,25.1,0.42,0.21,Single Pedestrian Crossing,0,0
45,34500,1151.15,North Kerb Side,9.401,4.672,0.03,0.065,0.131,27.8,0.46,0.23,Single Pedestrian Crossing,0,0
45,34560,1153.15,North Kerb Side,9.38,4.661,0.012,0.05,0.1,14.5,0.24,0.12,Single Pedestrian Crossing,0,0
45,34620,1155.15,North Kerb Side,9.4,4.625,0.021,0.05,0.1,24.6,0.41,0.21,Single Pedestrian Crossing,0,0
45,34680,1157.16,North Kerb Side,9.39,4.711,0.043,0.083,0.167,30.9,0.52,0.26,Single Pedestrian Crossing,0,0
45,34740,1159.16,North Kerb Side,9.367,4.683,0.018,0.05,0.1,21.9,0.36,0.18,Single Pedestrian Crossing,0,0
45,34800,1161.16,North Kerb Side,9.351,4.638,0.024,0.055,0.11,25.9,0.43,0.22,Single Pedestrian Crossing,0,0
45,34860,1163.16,North Kerb Side,9.346,4.692,0.027,0.06,0.12,26.9,0.45,0.22,Single Pedestrian Crossing,0,0
45,34980,1167.17,North Kerb Side,9.351,4.723,0.008,0.05,0.1,9.6,0.16,0.08,Single Pedestrian Crossing,0,0
45,35040,1169.17,North Kerb Side,9.35,4.737,0.007,0.05,0.1,8.2,0.14,0.07,Single Pedestrian Crossing,0,0
45,35100,1171.17,North Kerb Side,9.34,4.728,0.007,0.05,0.1,8.1,0.14,0.07,Single Pedestrian Crossing,0,0
45,35160,1173.17,North Kerb Side,9.344,4.705,0.012,0.05,0.1,14.1,0.23,0.12,Single Pedestrian Crossing,0,0
45,35220,1175.17,North Kerb Side,9.361,4.72,0.011,0.05,0.1,13.2,0.22,0.11,Single Pedestrian Crossing,0,0
45,35280,1177.18,North Kerb Side,9.37,4.709,0.007,0.05,0.1,8.4,0.14,0.07,Single Pedestrian Crossing,0,0
45,35340,1179.18,North Kerb Side,9.365,4.792,0.041,0.081,0.162,30.6,0.51,0.25,Single Pedestrian Crossing,0,0
45,35400,1181.18,North Kerb Side,9.36,4.789,0.003,0.05,0.1,3.6,0.06,0.03,Single Pedestrian Crossing,0,0
45,35640,1189.19,North Kerb Side,9.378,4.706,0.011,0.05,0.1,12.8,0.21,0.11,Single Pedestrian Crossing,0,0
45,35820,1195.19,North Kerb Side,9.324,4.659,0.012,0.05,0.1,14.4,0.24,0.12,Single Pedestrian Crossing,0,0
45,36000,1201.2,North Kerb Side,9.325,4.734,0.013,0.05,0.1,15.1,0.25,0.13,Single Pedestrian Crossing,0,0
45,36120,1205.2,North Kerb Side,9.365,4.7,0.013,0.05,0.1,15.9,0.26,0.13,Single Pedestrian Crossing,0,0
45,36180,1207.21,North Kerb Side,9.375,4.689,0.007,0.05,0.1,8.4,0.14,0.07,Single Pedestrian Crossing,0,0
45,36240,1209.21,North Kerb Side,9.398,4.75,0.033,0.069,0.137,28.5,0.47,0.24,Single Pedestrian Crossing,0,0
45,36360,1213.21,North Kerb Side,9.417,4.769,0.007,0.05,0.1,8.0,0.13,0.07,Single Pedestrian Crossing,0,0
45,36420,1215.21,North Kerb Side,9.419,4.778,0.005,0.05,0.1,5.5,0.09,0.05,Single Pedestrian Crossing,0,0
45,36540,1219.22,North Kerb Side,9.436,4.752,0.008,0.05,0.1,9.2,0.15,0.08,Single Pedestrian Crossing,0,0
45,36600,1221.22,North Kerb Side,9.417,4.725,0.017,0.05,0.1,19.9,0.33,0.17,Single Pedestrian Crossing,0,0
45,36660,1223.22,North Kerb Side,9.416,4.775,0.025,0.057,0.114,26.3,0.44,0.22,Single Pedestrian Crossing,0,0
45,36720,1225.22,North Kerb Side,9.436,4.749,0.016,0.05,0.1,19.6,0.33,0.16,Single Pedestrian Crossing,0,0
45,36780,1227.23,North Kerb Side,9.438,4.767,0.009,0.05,0.1,10.4,0.17,0.09,Single Pedestrian Crossing,0,0
45,36840,1229.23,North Kerb Side,9.446,4.748,0.01,0.05,0.1,12.4,0.21,0.1,Single Pedestrian Crossing,0,0
45,36900,1231.23,North Kerb Side,9.448,4.767,0.01,0.05,0.1,12.0,0.2,0.1,Single Pedestrian Crossing,0,0
45,36960,1233.23,North Kerb Side,9.453,4.778,0.006,0.05,0.1,7.4,0.12,0.06,Single Pedestrian Crossing,0,0
45,37020,1235.23,North Kerb Side,9.452,4.767,0.006,0.05,0.1,6.7,0.11,0.06,Single Pedestrian Crossing,0,0
45,37080,1237.24,North Kerb Side,9.449,4.772,0.003,0.05,0.1,3.0,0.05,0.03,Single Pedestrian Crossing,0,0
45,37140,1239.24,North Kerb Side,9.447,4.771,0.001,0.05,0.1,1.2,0.02,0.01,Single Pedestrian Crossing,0,0
45,37200,1241.24,North Kerb Side,9.442,4.754,0.009,0.05,0.1,11.0,0.18,0.09,Single Pedestrian Crossing,0,0
45,37260,1243.24,North Kerb Side,9.44,4.747,0.003,0.05,0.1,4.0,0.07,0.03,Single Pedestrian Crossing,0,0
45,37320,1245.24,North Kerb Side,9.445,4.741,0.004,0.05,0.1,4.9,0.08,0.04,Single Pedestrian Crossing,0,0
45,37380,1247.25,North Kerb Side,9.451,4.73,0.006,0.05,0.1,7.0,0.12,0.06,Single Pedestrian Crossing,0,0
45,37560,1253.25,North Kerb Side,9.489,5.063,0.056,0.1,0.2,33.5,0.56,0.28,Single Pedestrian Crossing,0,0
45,37740,1259.26,North Kerb Side,9.487,4.7,0.061,0.106,0.212,34.3,0.57,0.29,Single Pedestrian Crossing,0,0
45,37800,1261.26,North Kerb Side,9.487,4.697,0.001,0.05,0.1,1.5,0.03,0.01,Single Pedestrian Crossing,0,0
45,37860,1263.26,North Kerb Side,9.421,4.701,0.033,0.069,0.139,28.6,0.48,0.24,Single Pedestrian Crossing,0,0
45,37920,1265.26,North Kerb Side,9.436,4.684,0.011,0.05,0.1,13.7,0.23,0.11,Single Pedestrian Crossing,0,0
45,37980,1267.27,North Kerb Side,9.505,4.863,0.096,0.146,0.292,39.3,0.66,0.33,Single Pedestrian Crossing,0,0
46,29400,980.98,Median Side,30.906,10.399,0.061,0.107,0.213,34.4,0.57,0.29,Single Pedestrian Crossing,0,0
46,29460,982.98,Median Side,30.813,10.479,0.061,0.107,0.213,34.4,0.57,0.29,Single Pedestrian Crossing,0,0
46,29580,986.99,Median Side,30.788,10.493,0.007,0.05,0.1,8.8,0.15,0.07,Single Pedestrian Crossing,0,0
46,29640,988.99,Median Side,30.728,10.655,0.086,0.135,0.271,38.1,0.63,0.32,Single Pedestrian Crossing,0,0
47,29460,982.98,Median Side,39.345,23.03,0.009,0.05,0.1,11.3,0.19,0.09,Single Pedestrian Crossing,1,0
47,29640,988.99,Median Side,39.301,22.994,0.009,0.05,0.1,11.3,0.19,0.09,Single Pedestrian Crossing,1,0
47,29820,994.99,Median Side,39.287,23.069,0.013,0.05,0.1,15.2,0.25,0.13,Single Pedestrian Crossing,1,0
47,29880,997.0,Median Side,39.295,23.071,0.004,0.05,0.1,5.4,0.09,0.04,Single Pedestrian Crossing,1,0
48,30360,1013.01,Median Side,45.555,15.396,0.034,0.07,0.14,28.7,0.48,0.24,Single Pedestrian Crossing,0,0
48,30420,1015.01,Median Side,45.572,15.331,0.034,0.07,0.14,28.7,0.48,0.24,Single Pedestrian Crossing,0,0
48,30720,1025.02,Median Side,45.591,15.224,0.011,0.05,0.1,13.0,0.22,0.11,Single Pedestrian Crossing,0,0
49,30780,1027.03,South Kerb Side,45.022,31.527,0.045,0.085,0.171,31.3,0.52,0.26,Single Pedestrian Crossing,0,0
49,30900,1031.03,South Kerb Side,44.96,31.36,0.045,0.085,0.171,31.3,0.52,0.26,Single Pedestrian Crossing,0,0
49,30960,1033.03,South Kerb Side,45.005,31.466,0.057,0.102,0.204,33.7,0.56,0.28,Single Pedestrian Crossing,0,0
49,31020,1035.03,South Kerb Side,45.103,31.544,0.062,0.108,0.217,34.6,0.58,0.29,Single Pedestrian Crossing,0,0
49,31080,1037.04,South Kerb Side,45.093,31.573,0.015,0.05,0.1,18.5,0.31,0.15,Single Pedestrian Crossing,0,0
50,31020,1035.03,Median Side,33.747,19.473,0.096,0.146,0.292,39.3,0.66,0.33,Single Pedestrian Crossing,1,0
50,31080,1037.04,Median Side,33.665,19.647,0.096,0.146,0.292,39.3,0.66,0.33,Single Pedestrian Crossing,1,0
50,34320,1145.14,Median Side,32.01,23.576,0.039,0.079,0.157,30.1,0.5,0.25,Single Pedestrian Crossing,1,0
51,31380,1047.05,Median Side,45.455,15.433,0.023,0.055,0.109,25.8,0.43,0.21,Single Pedestrian Crossing,0,0
51,31440,1049.05,Median Side,45.487,15.399,0.023,0.055,0.109,25.8,0.43,0.21,Single Pedestrian Crossing,0,0
51,31500,1051.05,Median Side,45.429,15.437,0.034,0.071,0.143,29.0,0.48,0.24,Single Pedestrian Crossing,0,0
51,31560,1053.05,Median Side,45.458,15.428,0.015,0.05,0.1,18.0,0.3,0.15,Single Pedestrian Crossing,0,0
51,31620,1055.05,Median Side,45.444,15.428,0.007,0.05,0.1,8.5,0.14,0.07,Single Pedestrian Crossing,0,0
52,31680,1057.06,South Kerb Side,17.732,27.747,0.011,0.05,0.1,13.6,0.23,0.11,Single Pedestrian Crossing,0,0
52,31740,1059.06,South Kerb Side,17.738,27.725,0.011,0.05,0.1,13.6,0.23,0.11,Single Pedestrian Crossing,0,0
52,31980,1067.07,South Kerb Side,17.748,27.715,0.002,0.05,0.1,2.1,0.04,0.02,Single Pedestrian Crossing,0,0
55,33180,1107.11,South Kerb Side,45.143,31.378,0.003,0.05,0.1,4.0,0.07,0.03,Single Pedestrian Crossing,0,0
55,33840,1129.13,South Kerb Side,45.183,31.316,0.003,0.05,0.1,4.0,0.07,0.03,Single Pedestrian Crossing,0,0
55,33900,1131.13,South Kerb Side,45.173,31.36,0.022,0.052,0.105,25.4,0.42,0.21,Single Pedestrian Crossing,0,0
55,34440,1149.15,South Kerb Side,45.136,31.507,0.008,0.05,0.1,10.1,0.17,0.08,Single Pedestrian Crossing,0,0
55,34800,1161.16,South Kerb Side,45.139,31.474,0.003,0.05,0.1,3.4,0.06,0.03,Single Pedestrian Crossing,0,0
55,34860,1163.16,South Kerb Side,45.126,31.452,0.013,0.05,0.1,15.5,0.26,0.13,Single Pedestrian Crossing,0,0
55,34920,1165.16,South Kerb Side,45.111,31.484,0.018,0.05,0.1,21.0,0.35,0.18,Single Pedestrian Crossing,0,0
55,35160,1173.17,South Kerb Side,45.186,31.489,0.009,0.05,0.1,11.2,0.19,0.09,Single Pedestrian Crossing,0,0
55,35220,1175.17,South Kerb Side,45.195,31.5,0.007,0.05,0.1,8.4,0.14,0.07,Single Pedestrian Crossing,0,0
57,33720,1125.12,Median Side,39.356,22.964,0.007,0.05,0.1,8.0,0.13,0.07,Single Pedestrian Crossing,1,0
57,34740,1159.16,Median Side,39.276,23.176,0.007,0.05,0.1,8.0,0.13,0.07,Single Pedestrian Crossing,1,0
57,36300,1211.21,Median Side,39.421,23.132,0.003,0.05,0.1,3.5,0.06,0.03,Single Pedestrian Crossing,1,0
57,36540,1219.22,Median Side,39.427,23.06,0.009,0.05,0.1,10.8,0.18,0.09,Single Pedestrian Crossing,1,0
57,36600,1221.22,Median Side,39.428,22.896,0.082,0.131,0.262,37.6,0.63,0.31,Single Pedestrian Crossing,1,0
57,36960,1233.23,Median Side,39.456,22.384,0.043,0.083,0.166,30.9,0.51,0.26,Single Pedestrian Crossing,1,0
61,36360,1213.21,South Kerb Side,46.006,30.876,0.021,0.05,0.1,24.6,0.41,0.21,Single Pedestrian Crossing,0,0
61,36420,1215.21,South Kerb Side,45.986,30.84,0.021,0.05,0.1,24.6,0.41,0.21,Single Pedestrian Crossing,0,0
61,36480,1217.22,South Kerb Side,45.971,30.929,0.045,0.086,0.172,31.3,0.52,0.26,Single Pedestrian Crossing,0,0
61,36540,1219.22,South Kerb Side,45.985,30.901,0.015,0.05,0.1,18.4,0.31,0.15,Single Pedestrian Crossing,0,0
64,38400,1281.28,South Kerb Side,26.689,26.449,0.0,0.05,0.1,1.2,0.02,0.01,Single Pedestrian Crossing,0,0
64,39300,1311.31,South Kerb Side,26.681,26.453,0.0,0.05,0.1,1.2,0.02,0.01,Single Pedestrian Crossing,0,0
64,39480,1317.32,South Kerb Side,26.672,26.468,0.003,0.05,0.1,3.5,0.06,0.03,Single Pedestrian Crossing,0,0
64,43860,1463.46,South Kerb Side,26.649,26.436,0.0,0.05,0.1,1.2,0.02,0.01,Single Pedestrian Crossing,0,0
68,39780,1327.33,North Kerb Side,18.212,7.047,0.011,0.05,0.1,13.0,0.22,0.11,Single Pedestrian Crossing,0,1
68,39840,1329.33,North Kerb Side,18.225,7.064,0.011,0.05,0.1,13.0,0.22,0.11,Single Pedestrian Crossing,0,1
68,39900,1331.33,North Kerb Side,18.162,7.023,0.038,0.076,0.152,29.7,0.5,0.25,Single Pedestrian Crossing,0,1
68,39960,1333.33,North Kerb Side,18.184,7.024,0.011,0.05,0.1,13.2,0.22,0.11,Single Pedestrian Crossing,0,1
68,40020,1335.33,North Kerb Side,18.169,6.879,0.073,0.121,0.242,36.3,0.6,0.3,Single Pedestrian Crossing,0,1
69,40380,1347.35,South Kerb Side,46.307,32.192,0.044,0.085,0.17,31.2,0.52,0.26,Single Pedestrian Crossing,0,0
69,40440,1349.35,South Kerb Side,46.303,32.28,0.044,0.085,0.17,31.2,0.52,0.26,Single Pedestrian Crossing,0,0
69,40500,1351.35,South Kerb Side,46.276,32.193,0.045,0.087,0.173,31.4,0.52,0.26,Single Pedestrian Crossing,0,0
69,40560,1353.35,South Kerb Side,46.262,32.229,0.019,0.05,0.1,23.2,0.39,0.19,Single Pedestrian Crossing,0,0
69,40620,1355.35,South Kerb Side,46.187,32.169,0.048,0.09,0.181,32.0,0.53,0.27,Single Pedestrian Crossing,0,0
69,40680,1357.36,South Kerb Side,46.169,32.272,0.052,0.096,0.191,32.8,0.55,0.27,Single Pedestrian Crossing,0,0
69,40860,1363.36,South Kerb Side,46.253,32.328,0.017,0.05,0.1,20.3,0.34,0.17,Single Pedestrian Crossing,0,0
69,42120,1405.4,South Kerb Side,46.112,31.572,0.018,0.05,0.1,21.9,0.37,0.18,Single Pedestrian Crossing,0,0
70,40920,1365.36,North Kerb Side,18.35,6.58,0.009,0.05,0.1,11.1,0.19,0.09,Single Pedestrian Crossing,0,1
70,41100,1371.37,North Kerb Side,18.306,6.545,0.009,0.05,0.1,11.1,0.19,0.09,Single Pedestrian Crossing,0,1
70,41160,1373.37,North Kerb Side,18.286,6.545,0.01,0.05,0.1,12.3,0.2,0.1,Single Pedestrian Crossing,0,1
70,41220,1375.37,North Kerb Side,18.284,6.565,0.01,0.05,0.1,12.2,0.2,0.1,Single Pedestrian Crossing,0,1
70,41280,1377.38,North Kerb Side,18.264,6.561,0.01,0.05,0.1,12.5,0.21,0.1,Single Pedestrian Crossing,0,1
70,41340,1379.38,North Kerb Side,18.26,6.62,0.03,0.064,0.129,27.7,0.46,0.23,Single Pedestrian Crossing,0,1
70,41400,1381.38,North Kerb Side,18.314,6.508,0.062,0.108,0.216,34.5,0.58,0.29,Single Pedestrian Crossing,0,1
70,41460,1383.38,North Kerb Side,18.186,6.435,0.074,0.122,0.244,36.4,0.61,0.3,Single Pedestrian Crossing,0,1
72,41160,1373.37,North Kerb Side,14.053,5.023,0.007,0.05,0.1,7.9,0.13,0.07,Single Pedestrian Crossing,0,0
72,41220,1375.37,North Kerb Side,14.05,5.036,0.007,0.05,0.1,7.9,0.13,0.07,Single Pedestrian Crossing,0,0
72,41520,1385.38,North Kerb Side,14.065,5.123,0.009,0.05,0.1,10.6,0.18,0.09,Single Pedestrian Crossing,0,0
72,41700,1391.39,North Kerb Side,14.048,5.159,0.007,0.05,0.1,8.0,0.13,0.07,Single Pedestrian Crossing,0,0
72,42120,1405.4,North Kerb Side,14.063,5.127,0.003,0.05,0.1,3.1,0.05,0.03,Single Pedestrian Crossing,0,0
72,42240,1409.41,North Kerb Side,14.083,5.156,0.009,0.05,0.1,10.5,0.17,0.09,Single Pedestrian Crossing,0,0
72,42360,1413.41,North Kerb Side,14.069,5.145,0.004,0.05,0.1,5.4,0.09,0.04,Single Pedestrian Crossing,0,0
72,42660,1423.42,North Kerb Side,14.088,5.112,0.004,0.05,0.1,4.5,0.07,0.04,Single Pedestrian Crossing,0,0
72,43860,1463.46,North Kerb Side,14.089,5.218,0.003,0.05,0.1,3.2,0.05,0.03,Single Pedestrian Crossing,0,0
72,43980,1467.47,North Kerb Side,14.011,5.206,0.02,0.05,0.1,23.6,0.39,0.2,Single Pedestrian Crossing,0,0
72,44340,1479.48,North Kerb Side,14.044,5.107,0.009,0.05,0.1,10.4,0.17,0.09,Single Pedestrian Crossing,0,0
72,44400,1481.48,North Kerb Side,14.092,5.078,0.028,0.062,0.124,27.2,0.45,0.23,Single Pedestrian Crossing,0,0
72,44760,1493.49,North Kerb Side,14.068,5.122,0.004,0.05,0.1,5.0,0.08,0.04,Single Pedestrian Crossing,0,0
72,44940,1499.5,North Kerb Side,14.074,5.143,0.004,0.05,0.1,4.2,0.07,0.04,Single Pedestrian Crossing,0,0
72,45300,1511.51,North Kerb Side,14.053,5.103,0.004,0.05,0.1,4.5,0.07,0.04,Single Pedestrian Crossing,0,0
72,45660,1523.52,North Kerb Side,14.052,5.106,0.0,0.05,0.1,1.2,0.02,0.01,Single Pedestrian Crossing,0,0
72,45720,1525.52,North Kerb Side,14.038,5.136,0.017,0.05,0.1,19.9,0.33,0.17,Single Pedestrian Crossing,0,0
72,45840,1529.53,North Kerb Side,14.083,5.148,0.012,0.05,0.1,13.9,0.23,0.12,Single Pedestrian Crossing,0,0
72,45900,1531.53,North Kerb Side,14.079,5.134,0.007,0.05,0.1,8.6,0.14,0.07,Single Pedestrian Crossing,0,0
72,46020,1535.53,North Kerb Side,14.076,5.137,0.001,0.05,0.1,1.5,0.02,0.01,Single Pedestrian Crossing,0,0
72,46800,1561.56,North Kerb Side,14.068,5.153,0.001,0.05,0.1,1.2,0.02,0.01,Single Pedestrian Crossing,0,0
72,46860,1563.56,North Kerb Side,14.055,5.141,0.009,0.05,0.1,10.5,0.18,0.09,Single Pedestrian Crossing,0,0
72,46920,1565.56,North Kerb Side,14.067,5.157,0.01,0.05,0.1,12.3,0.21,0.1,Single Pedestrian Crossing,0,0
72,46980,1567.57,North Kerb Side,14.063,5.154,0.003,0.05,0.1,3.3,0.05,0.03,Single Pedestrian Crossing,0,0
72,47160,1573.57,North Kerb Side,14.049,5.146,0.003,0.05,0.1,3.2,0.05,0.03,Single Pedestrian Crossing,0,0
72,47400,1581.58,North Kerb Side,14.024,5.157,0.003,0.05,0.1,4.0,0.07,0.03,Single Pedestrian Crossing,0,0
72,47580,1587.59,North Kerb Side,14.027,5.151,0.001,0.05,0.1,1.3,0.02,0.01,Single Pedestrian Crossing,0,0
72,47880,1597.6,North Kerb Side,14.025,5.153,0.0,0.05,0.1,1.2,0.02,0.01,Single Pedestrian Crossing,0,0
72,47940,1599.6,North Kerb Side,14.014,5.131,0.012,0.05,0.1,14.6,0.24,0.12,Single Pedestrian Crossing,0,0
75,44160,1473.47,South Kerb Side,17.861,28.388,0.024,0.056,0.112,26.1,0.44,0.22,Couple Crossing,0,0
75,44220,1475.47,South Kerb Side,17.846,28.435,0.024,0.056,0.112,26.1,0.44,0.22,Couple Crossing,0,0
75,44280,1477.48,South Kerb Side,17.859,28.465,0.016,0.05,0.1,19.3,0.32,0.16,Couple Crossing,0,0
75,45300,1511.51,South Kerb Side,17.827,28.365,0.003,0.05,0.1,3.7,0.06,0.03,Couple Crossing,0,0
75,45600,1521.52,South Kerb Side,17.85,28.342,0.003,0.05,0.1,3.9,0.06,0.03,Couple Crossing,0,0
75,45660,1523.52,South Kerb Side,17.845,28.131,0.105,0.156,0.312,40.4,0.67,0.34,Couple Crossing,0,0
75,45720,1525.52,South Kerb Side,17.832,28.174,0.022,0.053,0.106,25.4,0.42,0.21,Couple Crossing,0,0
75,47040,1569.57,South Kerb Side,17.855,28.361,0.004,0.05,0.1,5.1,0.09,0.04,Couple Crossing,0,0
75,47100,1571.57,South Kerb Side,17.859,28.236,0.063,0.108,0.217,34.6,0.58,0.29,Couple Crossing,0,0
75,47160,1573.57,South Kerb Side,17.853,28.422,0.093,0.143,0.287,39.0,0.65,0.33,Couple Crossing,0,0
75,49200,1641.64,South Kerb Side,17.862,28.471,0.001,0.05,0.1,1.2,0.02,0.01,Couple Crossing,0,0
77,45660,1523.52,South Kerb Side,17.837,27.778,0.026,0.058,0.116,26.5,0.44,0.22,Couple Crossing,0,0
77,45780,1527.53,South Kerb Side,17.855,27.677,0.026,0.058,0.116,26.5,0.44,0.22,Couple Crossing,0,0
77,45840,1529.53,South Kerb Side,17.862,27.672,0.004,0.05,0.1,4.9,0.08,0.04,Couple Crossing,0,0
77,45900,1531.53,South Kerb Side,17.859,27.702,0.015,0.05,0.1,18.1,0.3,0.15,Couple Crossing,0,0
77,45960,1533.53,South Kerb Side,17.857,27.678,0.012,0.05,0.1,14.5,0.24,0.12,Couple Crossing,0,0
77,46020,1535.53,South Kerb Side,17.854,27.677,0.002,0.05,0.1,2.2,0.04,0.02,Couple Crossing,0,0
77,46200,1541.54,South Kerb Side,17.856,27.657,0.003,0.05,0.1,4.0,0.07,0.03,Couple Crossing,0,0
77,47160,1573.57,South Kerb Side,17.836,27.876,0.007,0.05,0.1,8.2,0.14,0.07,Couple Crossing,0,0
77,47760,1593.59,South Kerb Side,17.796,28.16,0.014,0.05,0.1,17.2,0.29,0.14,Couple Crossing,0,0
78,45840,1529.53,Median Side,39.276,23.264,0.002,0.05,0.1,2.9,0.05,0.02,Single Pedestrian Crossing,1,0
78,46200,1541.54,Median Side,39.264,23.291,0.002,0.05,0.1,2.9,0.05,0.02,Single Pedestrian Crossing,1,0
78,47760,1593.59,Median Side,39.232,23.21,0.002,0.05,0.1,2.0,0.03,0.02,Single Pedestrian Crossing,1,0
78,47880,1597.6,Median Side,39.227,23.256,0.012,0.05,0.1,13.9,0.23,0.12,Single Pedestrian Crossing,1,0
78,47940,1599.6,Median Side,39.244,23.17,0.044,0.085,0.17,31.2,0.52,0.26,Single Pedestrian Crossing,1,0
78,48000,1601.6,Median Side,39.262,23.178,0.01,0.05,0.1,11.8,0.2,0.1,Single Pedestrian Crossing,1,0
79,46320,1545.54,Median Side,35.736,8.47,0.012,0.05,0.1,14.9,0.25,0.12,Single Pedestrian Crossing,0,0
79,46380,1547.55,Median Side,35.727,8.493,0.012,0.05,0.1,14.9,0.25,0.12,Single Pedestrian Crossing,0,0
79,47280,1577.58,Median Side,35.65,8.813,0.011,0.05,0.1,13.1,0.22,0.11,Single Pedestrian Crossing,0,0
81,48660,1623.62,South Kerb Side,20.456,24.867,0.032,0.068,0.136,28.4,0.47,0.24,Single Pedestrian Crossing,0,0
81,48720,1625.62,South Kerb Side,20.468,24.93,0.032,0.068,0.136,28.4,0.47,0.24,Single Pedestrian Crossing,0,0
81,48780,1627.63,South Kerb Side,20.466,24.951,0.01,0.05,0.1,12.5,0.21,0.1,Single Pedestrian Crossing,0,0
81,48840,1629.63,South Kerb Side,20.468,24.937,0.007,0.05,0.1,8.7,0.15,0.07,Single Pedestrian Crossing,0,0
81,49800,1661.66,South Kerb Side,20.459,24.963,0.001,0.05,0.1,1.2,0.02,0.01,Single Pedestrian Crossing,0,0
82,48660,1623.62,Median Side,34.903,11.805,0.013,0.05,0.1,15.4,0.26,0.13,Single Pedestrian Crossing,0,0
82,48720,1625.62,Median Side,34.898,11.779,0.013,0.05,0.1,15.4,0.26,0.13,Single Pedestrian Crossing,0,0
82,48780,1627.63,Median Side,34.898,11.798,0.009,0.05,0.1,11.0,0.18,0.09,Single Pedestrian Crossing,0,0
82,48960,1633.63,Median Side,34.945,12.032,0.04,0.079,0.158,30.2,0.5,0.25,Single Pedestrian Crossing,0,0
83,50160,1673.67,Median Side,0.62,16.691,0.045,0.086,0.172,31.4,0.52,0.26,Single Pedestrian Crossing,0,0
83,50220,1675.67,Median Side,0.65,16.776,0.045,0.086,0.172,31.4,0.52,0.26,Single Pedestrian Crossing,0,0
83,50280,1677.68,Median Side,0.65,16.775,0.001,0.05,0.1,1.2,0.02,0.01,Single Pedestrian Crossing,0,0
83,50340,1679.68,Median Side,0.631,16.753,0.015,0.05,0.1,17.7,0.29,0.15,Single Pedestrian Crossing,0,0
83,50400,1681.68,Median Side,0.619,16.779,0.015,0.05,0.1,17.7,0.3,0.15,Single Pedestrian Crossing,0,0
