person_id,gender,gender_confidence,group_size,group_type,co_walkers,carrying_load,carrying_load_tag,avg_walking_speed_mps,avg_walking_speed_kmh,max_walking_speed_mps,max_walking_speed_kmh,speed_category,currently_waiting,total_waiting_time_sec,total_duration_sec,waiting_time_pct,num_crossing_attempts,attempt_behavior,mean_heading_deg,compass_heading,body_gesture_state,crossing_orientation,motion_jerk_mps3,total_distance_m,ever_in_crossing_corridor,ever_in_zebra
1,Male,0.9908,1,Alone,None,Backpack / Shoulder Bag,Carrying Load,0.012,0.04,0.048,0.17,Stationary / Paused (<0.3 m/s),Yes,18.02,18.02,100.0,0,Non-Crossing,122.2,SW,Standing / Stationary Posture (Curbside Attention),Parallel / Longitudinal (Along Road Margin),0.002,0.23,No,No
2,Male,0.9857,1,Alone,None,Backpack / Shoulder Bag,Carrying Load,0.024,0.09,0.039,0.14,Stationary / Paused (<0.3 m/s),Yes,204.2,204.2,100.0,0,Non-Crossing,264.9,N,Standing / Stationary Posture (Curbside Attention),Perpendicular / Crosswalk-Aligned (Direct),0.0,1.88,No,No
4,Female,0.9903,1,Alone,None,No Visible Load,No Load,0.016,0.06,0.038,0.14,Stationary / Paused (<0.3 m/s),Yes,16.02,16.02,100.0,0,Non-Crossing,201.4,W,Standing / Stationary Posture (Curbside Attention),Diagonal / Angular Crossing,0.001,0.19,No,No
5,Male,0.9764,1,Alone,None,Backpack / Shoulder Bag,Carrying Load,0.006,0.02,0.019,0.07,Stationary / Paused (<0.3 m/s),Yes,174.18,174.18,100.0,0,Non-Crossing,185.0,W,Standing / Stationary Posture (Curbside Attention),Diagonal / Angular Crossing,0.001,0.3,No,No
6,Female,0.9896,1,Alone,None,No Visible Load,No Load,0.011,0.04,0.049,0.18,Stationary / Paused (<0.3 m/s),Yes,768.77,768.77,100.0,0,Non-Crossing,190.7,W,Standing / Stationary Posture (Curbside Attention),Diagonal / Angular Crossing,0.003,6.77,No,No
7,Male,0.9567,1,Alone,None,Backpack / Shoulder Bag,Carrying Load,0.023,0.08,0.12,0.43,Stationary / Paused (<0.3 m/s),Yes,496.5,496.5,100.0,0,Non-Crossing,166.5,W,Standing / Stationary Posture (Curbside Attention),Parallel / Longitudinal (Along Road Margin),0.006,6.03,No,No
9,Male,0.9157,1,Alone,None,Backpack / Shoulder Bag,Carrying Load,0.007,0.02,0.011,0.04,Stationary / Paused (<0.3 m/s),Yes,14.02,14.02,100.0,0,Non-Crossing,169.1,W,Standing / Stationary Posture (Curbside Attention),Parallel / Longitudinal (Along Road Margin),0.0,0.09,No,No
13,Male,0.9622,1,Alone,None,Backpack / Shoulder Bag,Carrying Load,0.026,0.09,0.05,0.18,Stationary / Paused (<0.3 m/s),Yes,20.02,20.02,100.0,0,Non-Crossing,186.4,W,Standing / Stationary Posture (Curbside Attention),Diagonal / Angular Crossing,0.002,0.26,No,No
14,Male,0.9892,1,Alone,None,Backpack / Shoulder Bag,Carrying Load,0.005,0.02,0.019,0.07,Stationary / Paused (<0.3 m/s),Yes,82.08,82.08,100.0,0,Non-Crossing,159.2,W,Standing / Stationary Posture (Curbside Attention),Parallel / Longitudinal (Along Road Margin),0.0,0.31,No,No
15,Female,0.9822,1,Alone,None,No Visible Load,No Load,0.002,0.01,0.002,0.01,Stationary / Paused (<0.3 m/s),Yes,44.04,44.04,100.0,0,Non-Crossing,150.8,SW,Standing / Stationary Posture (Curbside Attention),Parallel / Longitudinal (Along Road Margin),0.0,0.1,No,No
16,Male,0.9477,1,Alone,None,Backpack / Shoulder Bag,Carrying Load,0.012,0.04,0.072,0.26,Stationary / Paused (<0.3 m/s),Yes,88.09,88.09,100.0,0,Non-Crossing,200.7,W,Standing / Stationary Posture (Curbside Attention),Diagonal / Angular Crossing,0.003,0.74,No,No
17,Female,0.7863,1,Alone,None,No Visible Load,No Load,0.116,0.42,0.258,0.93,Stationary / Paused (<0.3 m/s),Yes,6.01,6.01,100.0,1,Direct Crossing,170.1,W,Standing / Stationary Posture (Curbside Attention),Parallel / Longitudinal (Along Road Margin),0.036,0.87,Yes,No
18,Male,0.9733,1,Alone,None,Backpack / Shoulder Bag,Carrying Load,0.062,0.22,0.068,0.24,Stationary / Paused (<0.3 m/s),Yes,4.01,4.01,100.0,1,Direct Crossing,108.7,S,Standing / Stationary Posture (Curbside Attention),Diagonal / Angular Crossing,0.001,0.24,Yes,No
20,Male,0.9854,1,Alone,None,Backpack / Shoulder Bag,Carrying Load,0.01,0.03,0.012,0.04,Stationary / Paused (<0.3 m/s),Yes,4.0,4.0,100.0,0,Non-Crossing,200.0,W,Standing / Stationary Posture (Curbside Attention),Diagonal / Angular Crossing,0.0,0.04,No,No
21,Male,0.9811,1,Alone,None,Backpack / Shoulder Bag,Carrying Load,0.007,0.02,0.009,0.03,Stationary / Paused (<0.3 m/s),Yes,60.06,60.06,100.0,0,Non-Crossing,208.0,NW,Standing / Stationary Posture (Curbside Attention),Perpendicular / Crosswalk-Aligned (Direct),0.0,0.22,No,No
24,Male,0.9867,1,Alone,None,Backpack / Shoulder Bag,Carrying Load,0.004,0.01,0.011,0.04,Stationary / Paused (<0.3 m/s),Yes,50.05,50.05,100.0,0,Non-Crossing,185.0,W,Standing / Stationary Posture (Curbside Attention),Parallel / Longitudinal (Along Road Margin),0.001,0.07,No,No
25,Male,0.8864,1,Alone,None,Backpack / Shoulder Bag,Carrying Load,0.022,0.08,0.028,0.1,Stationary / Paused (<0.3 m/s),Yes,4.0,4.0,100.0,0,Non-Crossing,183.9,W,Standing / Stationary Posture (Curbside Attention),Parallel / Longitudinal (Along Road Margin),0.001,0.1,No,No
26,Male,0.9874,1,Alone,None,Backpack / Shoulder Bag,Carrying Load,0.008,0.03,0.013,0.05,Stationary / Paused (<0.3 m/s),Yes,22.02,22.02,100.0,0,Non-Crossing,226.8,NW,Standing / Stationary Posture (Curbside Attention),Perpendicular / Crosswalk-Aligned (Direct),0.001,0.16,No,No
29,Female,0.889,1,Alone,None,No Visible Load,No Load,0.028,0.1,0.048,0.17,Stationary / Paused (<0.3 m/s),Yes,4.0,4.0,100.0,0,Non-Crossing,94.0,S,Standing / Stationary Posture (Curbside Attention),Perpendicular / Crosswalk-Aligned (Direct),0.002,0.13,No,No
33,Female,0.989,1,Alone,None,No Visible Load,No Load,0.016,0.06,0.019,0.07,Stationary / Paused (<0.3 m/s),Yes,4.0,4.0,100.0,0,Non-Crossing,50.0,SE,Standing / Stationary Posture (Curbside Attention),Perpendicular / Crosswalk-Aligned (Direct),0.001,0.06,No,No
35,Male,0.8674,1,Alone,None,Backpack / Shoulder Bag,Carrying Load,0.024,0.09,0.224,0.81,Stationary / Paused (<0.3 m/s),Yes,432.43,432.43,100.0,0,Non-Crossing,181.4,W,Standing / Stationary Posture (Curbside Attention),Parallel / Longitudinal (Along Road Margin),0.004,4.03,No,No
37,Female,0.6918,1,Alone,None,No Visible Load,No Load,0.027,0.1,0.038,0.14,Stationary / Paused (<0.3 m/s),Yes,10.01,10.01,100.0,0,Non-Crossing,196.8,W,Standing / Stationary Posture (Curbside Attention),Diagonal / Angular Crossing,0.003,0.27,No,No
38,Male,0.9636,1,Alone,None,Backpack / Shoulder Bag,Carrying Load,0.031,0.11,0.035,0.13,Stationary / Paused (<0.3 m/s),Yes,6.01,6.01,100.0,1,Direct Crossing,178.7,W,Standing / Stationary Posture (Curbside Attention),Parallel / Longitudinal (Along Road Margin),0.0,0.16,Yes,No
41,Male,0.9435,1,Alone,None,Backpack / Shoulder Bag,Carrying Load,0.009,0.03,0.02,0.07,Stationary / Paused (<0.3 m/s),Yes,10.01,10.01,100.0,0,Non-Crossing,245.0,NW,Standing / Stationary Posture (Curbside Attention),Perpendicular / Crosswalk-Aligned (Direct),0.001,0.12,No,No
42,Male,0.7645,1,Alone,None,Backpack / Shoulder Bag,Carrying Load,0.035,0.13,0.063,0.23,Stationary / Paused (<0.3 m/s),Yes,144.14,144.14,100.0,1,Direct Crossing,230.7,NW,Standing / Stationary Posture (Curbside Attention),Perpendicular / Crosswalk-Aligned (Direct),0.006,1.62,Yes,No
43,Female,0.9594,1,Alone,None,Handbag / Side Package,Carrying Load,0.132,0.48,0.163,0.59,Stationary / Paused (<0.3 m/s),Yes,4.0,4.0,100.0,1,Direct Crossing,276.2,N,Standing / Stationary Posture (Curbside Attention),Diagonal / Angular Crossing,0.008,0.47,Yes,No
45,Female,0.6468,1,Alone,None,No Visible Load,No Load,0.015,0.05,0.096,0.34,Stationary / Paused (<0.3 m/s),Yes,288.29,288.29,100.0,0,Non-Crossing,186.0,W,Standing / Stationary Posture (Curbside Attention),Diagonal / Angular Crossing,0.004,4.15,No,No
46,Male,0.9431,1,Alone,None,Backpack / Shoulder Bag,Carrying Load,0.054,0.19,0.086,0.31,Stationary / Paused (<0.3 m/s),Yes,8.01,8.01,100.0,0,Non-Crossing,134.9,SW,Standing / Stationary Posture (Curbside Attention),Parallel / Longitudinal (Along Road Margin),0.007,0.32,No,No
47,Male,0.8712,1,Alone,None,Backpack / Shoulder Bag,Carrying Load,0.009,0.03,0.013,0.05,Stationary / Paused (<0.3 m/s),Yes,14.02,14.02,100.0,1,Direct Crossing,139.0,SW,Standing / Stationary Posture (Curbside Attention),Parallel / Longitudinal (Along Road Margin),0.001,0.14,Yes,No
48,Male,0.9397,1,Alone,None,Backpack / Shoulder Bag,Carrying Load,0.026,0.09,0.034,0.12,Stationary / Paused (<0.3 m/s),Yes,12.01,12.01,100.0,0,Non-Crossing,282.9,N,Standing / Stationary Posture (Curbside Attention),Diagonal / Angular Crossing,0.0,0.18,No,No
49,Female,0.9904,1,Alone,None,No Visible Load,No Load,0.045,0.16,0.062,0.22,Stationary / Paused (<0.3 m/s),Yes,10.01,10.01,100.0,0,Non-Crossing,142.3,SW,Standing / Stationary Posture (Curbside Attention),Parallel / Longitudinal (Along Road Margin),0.004,0.45,No,No
50,Female,0.7442,1,Alone,None,No Visible Load,No Load,0.077,0.28,0.096,0.34,Stationary / Paused (<0.3 m/s),Yes,110.11,110.11,100.0,1,Direct Crossing,114.3,SW,Standing / Stationary Posture (Curbside Attention),Diagonal / Angular Crossing,0.0,4.46,Yes,No
51,Male,0.9433,1,Alone,None,Backpack / Shoulder Bag,Carrying Load,0.021,0.07,0.034,0.12,Stationary / Paused (<0.3 m/s),Yes,8.0,8.0,100.0,0,Non-Crossing,260.1,N,Standing / Stationary Posture (Curbside Attention),Perpendicular / Crosswalk-Aligned (Direct),0.003,0.16,No,No
52,Male,0.8952,1,Alone,None,Backpack / Shoulder Bag,Carrying Load,0.008,0.03,0.011,0.04,Stationary / Paused (<0.3 m/s),Yes,10.01,10.01,100.0,0,Non-Crossing,296.1,NE,Standing / Stationary Posture (Curbside Attention),Parallel / Longitudinal (Along Road Margin),0.0,0.04,No,No
55,Female,0.8791,1,Alone,None,No Visible Load,No Load,0.01,0.03,0.022,0.08,Stationary / Paused (<0.3 m/s),Yes,68.06,68.06,100.0,0,Non-Crossing,166.0,W,Standing / Stationary Posture (Curbside Attention),Parallel / Longitudinal (Along Road Margin),0.001,0.45,No,No
57,Male,0.9749,1,Alone,None,Backpack / Shoulder Bag,Carrying Load,0.025,0.09,0.082,0.3,Stationary / Paused (<0.3 m/s),Yes,108.11,108.11,100.0,1,Direct Crossing,230.6,NW,Standing / Stationary Posture (Curbside Attention),Perpendicular / Crosswalk-Aligned (Direct),0.004,1.13,Yes,No
61,Female,0.7272,1,Alone,None,No Visible Load,No Load,0.025,0.09,0.045,0.16,Stationary / Paused (<0.3 m/s),Yes,6.01,6.01,100.0,0,Non-Crossing,220.1,NW,Standing / Stationary Posture (Curbside Attention),Perpendicular / Crosswalk-Aligned (Direct),0.005,0.16,No,No
64,Male,0.8104,1,Alone,None,Backpack / Shoulder Bag,Carrying Load,0.001,0.0,0.003,0.01,Stationary / Paused (<0.3 m/s),Yes,182.18,182.18,100.0,0,Non-Crossing,165.1,W,Standing / Stationary Posture (Curbside Attention),Parallel / Longitudinal (Along Road Margin),0.0,0.07,No,No
68,Male,0.6732,1,Alone,None,Backpack / Shoulder Bag,Carrying Load,0.029,0.1,0.073,0.26,Stationary / Paused (<0.3 m/s),Yes,8.0,8.0,100.0,0,Non-Crossing,118.0,SW,Standing / Stationary Posture (Curbside Attention),Parallel / Longitudinal (Along Road Margin),0.008,0.27,No,Yes
69,Female,0.9913,1,Alone,None,No Visible Load,No Load,0.036,0.13,0.052,0.19,Stationary / Paused (<0.3 m/s),Yes,58.05,58.05,100.0,0,Non-Crossing,145.2,SW,Standing / Stationary Posture (Curbside Attention),Parallel / Longitudinal (Along Road Margin),0.004,1.29,No,No
70,Male,0.935,1,Alone,None,Backpack / Shoulder Bag,Carrying Load,0.027,0.1,0.074,0.27,Stationary / Paused (<0.3 m/s),Yes,18.02,18.02,100.0,0,Non-Crossing,188.1,W,Standing / Stationary Posture (Curbside Attention),Diagonal / Angular Crossing,0.002,0.45,No,Yes
72,Male,0.8818,1,Alone,None,Backpack / Shoulder Bag,Carrying Load,0.007,0.02,0.028,0.1,Stationary / Paused (<0.3 m/s),Yes,226.23,226.23,100.0,0,Non-Crossing,168.3,W,Standing / Stationary Posture (Curbside Attention),Parallel / Longitudinal (Along Road Margin),0.001,0.97,No,No
75,Male,0.7761,2,Pair (2),77,Backpack / Shoulder Bag,Carrying Load,0.033,0.12,0.105,0.38,Stationary / Paused (<0.3 m/s),Yes,168.17,168.17,100.0,0,Non-Crossing,159.3,W,Standing / Stationary Posture (Curbside Attention),Parallel / Longitudinal (Along Road Margin),0.009,1.02,No,No
77,Male,0.7884,2,Pair (2),75,Backpack / Shoulder Bag,Carrying Load,0.012,0.04,0.026,0.09,Stationary / Paused (<0.3 m/s),Yes,70.07,70.07,100.0,0,Non-Crossing,213.6,NW,Standing / Stationary Posture (Curbside Attention),Perpendicular / Crosswalk-Aligned (Direct),0.002,0.7,No,No
78,Male,0.9216,1,Alone,None,Backpack / Shoulder Bag,Carrying Load,0.012,0.04,0.044,0.16,Stationary / Paused (<0.3 m/s),Yes,72.07,72.07,100.0,1,Direct Crossing,146.8,SW,Standing / Stationary Posture (Curbside Attention),Parallel / Longitudinal (Along Road Margin),0.004,0.27,Yes,No
79,Male,0.9103,1,Alone,None,Backpack / Shoulder Bag,Carrying Load,0.012,0.04,0.012,0.04,Stationary / Paused (<0.3 m/s),Yes,32.04,32.04,100.0,0,Non-Crossing,108.3,S,Standing / Stationary Posture (Curbside Attention),Diagonal / Angular Crossing,0.0,0.35,No,No
81,Female,0.9814,1,Alone,None,Handbag / Side Package,Carrying Load,0.017,0.06,0.032,0.12,Stationary / Paused (<0.3 m/s),Yes,38.04,38.04,100.0,0,Non-Crossing,127.7,SW,Standing / Stationary Posture (Curbside Attention),Parallel / Longitudinal (Along Road Margin),0.002,0.13,No,No
82,Male,0.9677,1,Alone,None,Backpack / Shoulder Bag,Carrying Load,0.019,0.07,0.04,0.14,Stationary / Paused (<0.3 m/s),Yes,10.01,10.01,100.0,0,Non-Crossing,171.6,W,Standing / Stationary Posture (Curbside Attention),Parallel / Longitudinal (Along Road Margin),0.001,0.28,No,No
83,Female,0.9428,1,Alone,None,No Visible Load,No Load,0.024,0.09,0.045,0.16,Stationary / Paused (<0.3 m/s),Yes,8.01,8.01,100.0,0,Non-Crossing,154.9,SW,Standing / Stationary Posture (Curbside Attention),Parallel / Longitudinal (Along Road Margin),0.006,0.15,No,No
